temporada,episodio,nome_frame,cor_1_rgb,proporcao_cor_1,cor_2_rgb,proporcao_cor_2,cor_3_rgb,proporcao_cor_3,cor_4_rgb,proporcao_cor_4,cor_5_rgb,proporcao_cor_5
s01,e01,frame_000000.png,"[0, 0, 0]",1.0,,,,,,,,
s01,e01,frame_000001.png,"[0, 0, 0]",0.9732,"[5, 24, 33]",0.0141,"[156, 235, 235]",0.0048,"[62, 119, 127]",0.0042,"[116, 186, 191]",0.0037
s01,e01,frame_000002.png,"[1, 0, 3]",0.9836,"[14, 16, 18]",0.0102,"[196, 195, 197]",0.0023,"[89, 89, 91]",0.0021,"[155, 155, 157]",0.0018
s01,e01,frame_000003.png,"[1, 0, 3]",0.7614,"[4, 5, 8]",0.1334,"[10, 15, 17]",0.0504,"[19, 29, 33]",0.0357,"[31, 45, 54]",0.0191
s01,e01,frame_000004.png,"[0, 0, 1]",0.543,"[5, 9, 13]",0.1965,"[14, 23, 31]",0.1858,"[26, 43, 53]",0.0674,"[60, 87, 89]",0.0073
s01,e01,frame_000005.png,"[0, 0, 1]",0.586,"[8, 13, 17]",0.1966,"[15, 25, 33]",0.1367,"[27, 43, 51]",0.0656,"[52, 76, 79]",0.0151
s01,e01,frame_000006.png,"[7, 5, 5]",0.4075,"[21, 18, 19]",0.242,"[63, 55, 47]",0.1691,"[34, 32, 33]",0.15,"[91, 87, 98]",0.0314
s01,e01,frame_000007.png,"[5, 3, 3]",0.5122,"[32, 23, 19]",0.1777,"[55, 49, 46]",0.1489,"[85, 74, 63]",0.0991,"[61, 68, 79]",0.0621
s01,e01,frame_000008.png,"[8, 6, 5]",0.5551,"[29, 22, 17]",0.2648,"[60, 49, 41]",0.0881,"[140, 137, 155]",0.0631,"[113, 104, 106]",0.0289
s01,e01,frame_000009.png,"[20, 19, 16]",0.4207,"[6, 5, 4]",0.2182,"[38, 32, 28]",0.1871,"[64, 56, 47]",0.1183,"[88, 84, 74]",0.0557
s01,e01,frame_000010.png,"[21, 21, 19]",0.4537,"[8, 7, 6]",0.1992,"[39, 36, 34]",0.1833,"[63, 55, 48]",0.1102,"[89, 76, 68]",0.0536
s01,e01,frame_000011.png,"[21, 20, 18]",0.3758,"[8, 6, 5]",0.2804,"[37, 36, 34]",0.1497,"[95, 92, 78]",0.1026,"[69, 66, 55]",0.0915
s01,e01,frame_000012.png,"[12, 8, 4]",0.6883,"[28, 23, 17]",0.1273,"[43, 39, 34]",0.1075,"[48, 56, 66]",0.0695,"[137, 92, 49]",0.0074
s01,e01,frame_000013.png,"[23, 16, 14]",0.4247,"[6, 3, 2]",0.3462,"[39, 34, 33]",0.1216,"[55, 52, 53]",0.1054,"[131, 78, 28]",0.0021
s01,e01,frame_000014.png,"[2, 1, 1]",0.338,"[11, 10, 9]",0.1862,"[38, 38, 40]",0.1765,"[29, 30, 32]",0.1577,"[21, 20, 21]",0.1416
s01,e01,frame_000015.png,"[4, 2, 1]",0.6672,"[22, 20, 20]",0.2141,"[49, 43, 37]",0.0613,"[150, 83, 27]",0.0325,"[229, 145, 56]",0.0249
s01,e01,frame_000016.png,"[1, 1, 0]",0.5177,"[9, 9, 10]",0.2272,"[17, 18, 25]",0.1109,"[30, 37, 45]",0.0986,"[50, 60, 73]",0.0456
s01,e01,frame_000017.png,"[18, 14, 11]",0.3643,"[40, 34, 28]",0.2591,"[65, 48, 32]",0.1576,"[67, 60, 56]",0.1497,"[103, 93, 94]",0.0693
s01,e01,frame_000018.png,"[17, 13, 12]",0.3881,"[40, 34, 29]",0.3042,"[63, 55, 48]",0.2204,"[100, 88, 88]",0.0843,"[158, 186, 208]",0.003
s01,e01,frame_000019.png,"[19, 13, 12]",0.4338,"[62, 49, 36]",0.2909,"[86, 73, 65]",0.1972,"[103, 100, 105]",0.0679,"[165, 191, 212]",0.0102
s01,e01,frame_000020.png,"[0, 0, 0]",0.5919,"[14, 14, 10]",0.1927,"[44, 42, 37]",0.0867,"[90, 97, 114]",0.0743,"[64, 67, 77]",0.0544
s01,e01,frame_000021.png,"[0, 0, 0]",0.8407,"[15, 8, 2]",0.0832,"[72, 82, 91]",0.0289,"[32, 32, 26]",0.0264,"[49, 52, 50]",0.0208
s01,e01,frame_000022.png,"[0, 0, 0]",0.8216,"[13, 6, 2]",0.1019,"[76, 86, 95]",0.028,"[32, 32, 26]",0.0276,"[53, 56, 53]",0.0209
s01,e01,frame_000023.png,"[1, 0, 0]",0.6445,"[7, 6, 3]",0.2104,"[39, 40, 46]",0.0599,"[20, 20, 18]",0.0471,"[51, 55, 64]",0.0381
s01,e01,frame_000024.png,"[1, 0, 0]",0.5941,"[10, 7, 5]",0.2001,"[23, 17, 13]",0.1441,"[44, 29, 19]",0.044,"[63, 47, 36]",0.0177
s01,e01,frame_000025.png,"[21, 14, 7]",0.677,"[47, 34, 23]",0.1781,"[82, 61, 47]",0.0897,"[134, 112, 95]",0.0336,"[177, 178, 169]",0.0216
s01,e01,frame_000026.png,"[9, 5, 1]",0.5055,"[36, 21, 10]",0.263,"[67, 44, 28]",0.1464,"[121, 91, 71]",0.0518,"[174, 174, 161]",0.0333
s01,e01,frame_000027.png,"[16, 9, 3]",0.4485,"[69, 50, 36]",0.2428,"[39, 26, 16]",0.1767,"[103, 80, 67]",0.0879,"[167, 162, 150]",0.0441
s01,e01,frame_000028.png,"[4, 2, 1]",0.4783,"[15, 12, 10]",0.4674,"[46, 38, 34]",0.0397,"[108, 92, 90]",0.0099,"[208, 191, 185]",0.0047
s01,e01,frame_000029.png,"[5, 2, 1]",0.4938,"[13, 11, 10]",0.3859,"[32, 33, 37]",0.0876,"[84, 71, 66]",0.0248,"[144, 126, 123]",0.0079
s01,e01,frame_000030.png,"[0, 1, 1]",0.6498,"[6, 13, 15]",0.1484,"[16, 32, 47]",0.0842,"[28, 58, 88]",0.0659,"[43, 95, 149]",0.0517
s01,e01,frame_000031.png,"[8, 5, 3]",0.6831,"[28, 19, 13]",0.2156,"[54, 42, 33]",0.0685,"[100, 81, 69]",0.0239,"[175, 169, 159]",0.0089
s01,e01,frame_000032.png,"[1, 0, 0]",0.4562,"[18, 12, 7]",0.2044,"[34, 25, 20]",0.1285,"[49, 42, 38]",0.1181,"[71, 65, 63]",0.0928
s01,e01,frame_000033.png,"[0, 1, 1]",0.5732,"[7, 14, 15]",0.2146,"[14, 24, 28]",0.2004,"[77, 165, 181]",0.0074,"[38, 79, 104]",0.0044
s01,e01,frame_000034.png,"[2, 1, 0]",0.6042,"[12, 9, 7]",0.1777,"[17, 19, 19]",0.1617,"[31, 24, 20]",0.0365,"[44, 39, 39]",0.0199
s01,e01,frame_000035.png,"[2, 1, 1]",0.4725,"[8, 8, 5]",0.2315,"[17, 15, 12]",0.141,"[40, 40, 37]",0.0853,"[29, 28, 22]",0.0697
s01,e01,frame_000036.png,"[1, 0, 0]",0.4169,"[17, 10, 8]",0.2094,"[32, 25, 24]",0.1977,"[48, 39, 39]",0.139,"[68, 69, 77]",0.037
s01,e01,frame_000037.png,"[5, 4, 5]",0.3257,"[16, 11, 9]",0.2973,"[69, 73, 82]",0.1809,"[38, 31, 27]",0.1726,"[92, 56, 44]",0.0235
s01,e01,frame_000038.png,"[5, 2, 2]",0.3022,"[24, 19, 18]",0.2799,"[36, 31, 32]",0.2372,"[51, 48, 54]",0.0999,"[71, 65, 73]",0.0808
s01,e01,frame_000039.png,"[8, 6, 7]",0.5791,"[23, 17, 15]",0.1607,"[69, 73, 81]",0.15,"[38, 33, 31]",0.0887,"[94, 55, 43]",0.0215
s01,e01,frame_000040.png,"[16, 15, 15]",0.3471,"[6, 4, 5]",0.3245,"[24, 24, 25]",0.2135,"[43, 44, 49]",0.0691,"[66, 69, 81]",0.0458
s01,e01,frame_000041.png,"[201, 134, 73]",0.2896,"[226, 168, 102]",0.2295,"[169, 102, 49]",0.2171,"[131, 69, 31]",0.1792,"[81, 33, 13]",0.0846
s01,e01,frame_000042.png,"[156, 112, 75]",0.2683,"[109, 62, 29]",0.2308,"[136, 82, 47]",0.2238,"[76, 34, 10]",0.1853,"[31, 9, 1]",0.0918
s01,e01,frame_000043.png,"[33, 16, 1]",0.3812,"[6, 0, 0]",0.2957,"[57, 31, 8]",0.1927,"[104, 68, 37]",0.1006,"[182, 122, 69]",0.0298
s01,e01,frame_000044.png,"[6, 2, 1]",0.4246,"[39, 28, 14]",0.4125,"[60, 43, 24]",0.0982,"[81, 61, 38]",0.0515,"[123, 91, 63]",0.0132
s01,e01,frame_000045.png,"[255, 250, 212]",0.3458,"[152, 90, 52]",0.3451,"[207, 122, 70]",0.1183,"[254, 219, 168]",0.114,"[244, 160, 104]",0.0768
s01,e01,frame_000046.png,"[254, 230, 203]",0.262,"[252, 199, 166]",0.2149,"[138, 71, 29]",0.1963,"[200, 122, 68]",0.1856,"[236, 166, 122]",0.1412
s01,e01,frame_000047.png,"[3, 3, 4]",0.53,"[15, 19, 17]",0.2952,"[33, 37, 38]",0.1452,"[57, 62, 68]",0.028,"[194, 191, 181]",0.0016
s01,e01,frame_000048.png,"[15, 15, 18]",0.4276,"[6, 6, 6]",0.3256,"[26, 27, 34]",0.1753,"[56, 63, 66]",0.0608,"[143, 153, 157]",0.0107
s01,e01,frame_000049.png,"[13, 10, 13]",0.5248,"[28, 23, 27]",0.3293,"[46, 47, 51]",0.1044,"[206, 215, 211]",0.0254,"[132, 119, 88]",0.0161
s01,e01,frame_000050.png,"[3, 2, 1]",0.5003,"[20, 20, 12]",0.1546,"[45, 39, 20]",0.1445,"[33, 3, 3]",0.1286,"[55, 60, 47]",0.072
s01,e01,frame_000051.png,"[5, 4, 1]",0.501,"[25, 27, 21]",0.2581,"[33, 7, 2]",0.1061,"[65, 58, 54]",0.0835,"[101, 99, 110]",0.0513
s01,e01,frame_000052.png,"[40, 42, 34]",0.2383,"[138, 143, 170]",0.2283,"[69, 74, 75]",0.2101,"[106, 110, 123]",0.1824,"[12, 8, 3]",0.1409
s01,e01,frame_000053.png,"[11, 2, 1]",0.4501,"[52, 3, 0]",0.2745,"[38, 46, 42]",0.1422,"[69, 97, 99]",0.1138,"[173, 194, 201]",0.0194
s01,e01,frame_000054.png,"[8, 7, 8]",0.6673,"[30, 31, 46]",0.1406,"[69, 73, 97]",0.1177,"[116, 123, 152]",0.0605,"[226, 233, 244]",0.0139
s01,e01,frame_000055.png,"[5, 4, 5]",0.6329,"[39, 40, 46]",0.2027,"[75, 76, 87]",0.0774,"[240, 240, 245]",0.0458,"[149, 148, 159]",0.0412
s01,e01,frame_000056.png,"[5, 3, 4]",0.5304,"[23, 21, 21]",0.2636,"[48, 47, 53]",0.1473,"[110, 99, 101]",0.0448,"[201, 204, 204]",0.0139
s01,e01,frame_000057.png,"[0, 0, 0]",0.9929,"[34, 34, 34]",0.0023,"[205, 205, 205]",0.0021,"[75, 75, 75]",0.0014,"[146, 146, 146]",0.0013
s01,e01,frame_000058.png,"[18, 8, 2]",0.3899,"[5, 0, 0]",0.3599,"[33, 21, 13]",0.1563,"[53, 39, 28]",0.0776,"[95, 75, 68]",0.0163
s01,e01,frame_000059.png,"[49, 33, 21]",0.3629,"[74, 58, 44]",0.2712,"[18, 9, 3]",0.2582,"[103, 90, 79]",0.0777,"[172, 156, 148]",0.03
s01,e01,frame_000060.png,"[11, 9, 8]",0.4859,"[29, 23, 20]",0.3073,"[59, 44, 34]",0.1234,"[95, 73, 59]",0.0575,"[145, 117, 108]",0.0259
s01,e01,frame_000061.png,"[1, 1, 1]",0.4844,"[18, 16, 10]",0.3264,"[39, 36, 29]",0.1185,"[60, 65, 61]",0.0521,"[106, 98, 88]",0.0186
s01,e01,frame_000062.png,"[22, 2, 5]",0.607,"[35, 23, 83]",0.1172,"[71, 74, 210]",0.098,"[150, 215, 248]",0.0965,"[124, 24, 9]",0.0813
s01,e01,frame_000063.png,"[7, 1, 1]",0.6823,"[41, 21, 18]",0.1425,"[84, 61, 47]",0.0844,"[134, 120, 99]",0.0716,"[234, 231, 223]",0.0192
s01,e01,frame_000064.png,"[7, 3, 1]",0.5513,"[45, 30, 20]",0.2164,"[89, 72, 52]",0.1429,"[142, 130, 109]",0.0676,"[235, 230, 211]",0.0218
s01,e01,frame_000065.png,"[10, 3, 1]",0.5216,"[47, 24, 18]",0.3232,"[93, 61, 51]",0.1089,"[156, 115, 93]",0.0305,"[235, 226, 216]",0.0158
s01,e01,frame_000066.png,"[3, 1, 0]",0.5961,"[35, 20, 14]",0.2895,"[64, 40, 48]",0.0821,"[131, 100, 90]",0.0223,"[195, 176, 167]",0.01
s01,e01,frame_000067.png,"[6, 2, 0]",0.5425,"[41, 25, 19]",0.3331,"[73, 47, 61]",0.0795,"[142, 108, 87]",0.0334,"[208, 189, 157]",0.0115
s01,e01,frame_000068.png,"[13, 7, 5]",0.6717,"[45, 26, 25]",0.2347,"[112, 63, 57]",0.0485,"[73, 26, 166]",0.0367,"[228, 194, 181]",0.0084
s01,e01,frame_000069.png,"[9, 4, 4]",0.4821,"[54, 29, 19]",0.2557,"[40, 20, 92]",0.1235,"[65, 57, 200]",0.074,"[120, 82, 54]",0.0647
s01,e01,frame_000070.png,"[8, 3, 2]",0.5675,"[38, 26, 22]",0.306,"[85, 63, 52]",0.1009,"[220, 211, 164]",0.0149,"[94, 103, 225]",0.0107
s01,e01,frame_000071.png,"[10, 6, 2]",0.5583,"[44, 26, 31]",0.2775,"[51, 32, 131]",0.0715,"[117, 87, 60]",0.0669,"[120, 96, 212]",0.0258
s01,e01,frame_000072.png,"[11, 6, 3]",0.5723,"[34, 20, 60]",0.1697,"[63, 39, 20]",0.1425,"[121, 92, 68]",0.0606,"[85, 74, 209]",0.0549
s01,e01,frame_000073.png,"[18, 9, 7]",0.672,"[59, 34, 17]",0.2099,"[118, 93, 55]",0.0687,"[197, 168, 105]",0.0247,"[33, 13, 140]",0.0247
s01,e01,frame_000074.png,"[3, 4, 4]",0.6305,"[21, 24, 25]",0.2038,"[59, 66, 63]",0.0826,"[123, 126, 125]",0.0619,"[201, 201, 201]",0.0212
s01,e01,frame_000075.png,"[4, 5, 5]",0.5167,"[20, 21, 21]",0.2737,"[45, 52, 51]",0.1078,"[87, 94, 91]",0.0674,"[169, 170, 170]",0.0344
s01,e01,frame_000076.png,"[2, 2, 2]",0.4359,"[12, 13, 14]",0.2789,"[27, 29, 30]",0.1885,"[63, 72, 70]",0.073,"[126, 130, 129]",0.0237
s01,e01,frame_000077.png,"[1, 0, 1]",0.5341,"[12, 12, 14]",0.2494,"[27, 29, 32]",0.1831,"[46, 53, 52]",0.0288,"[96, 102, 102]",0.0046
s01,e01,frame_000078.png,"[0, 0, 0]",0.9418,"[44, 57, 64]",0.0241,"[30, 38, 42]",0.0183,"[11, 17, 18]",0.0093,"[63, 80, 89]",0.0065
s01,e01,frame_000079.png,"[1, 1, 0]",0.6344,"[18, 14, 12]",0.246,"[39, 46, 42]",0.068,"[93, 101, 93]",0.0353,"[164, 174, 160]",0.0163
s01,e01,frame_000080.png,"[0, 0, 0]",0.749,"[6, 9, 9]",0.125,"[16, 20, 20]",0.0708,"[31, 38, 39]",0.0406,"[60, 72, 72]",0.0146
s01,e01,frame_000081.png,"[0, 0, 0]",0.6971,"[9, 9, 8]",0.1503,"[78, 102, 104]",0.0576,"[63, 76, 75]",0.0495,"[33, 37, 37]",0.0455
s01,e01,frame_000082.png,"[0, 0, 1]",0.7815,"[9, 11, 10]",0.1015,"[23, 31, 31]",0.0656,"[43, 58, 61]",0.0264,"[61, 84, 87]",0.025
s01,e01,frame_000083.png,"[0, 0, 1]",0.6745,"[17, 16, 16]",0.1166,"[39, 44, 44]",0.0854,"[69, 91, 93]",0.075,"[92, 122, 122]",0.0485
s01,e01,frame_000084.png,"[0, 0, 0]",0.7924,"[6, 11, 10]",0.1268,"[3, 5, 4]",0.0671,"[29, 31, 34]",0.0115,"[73, 83, 92]",0.0022
s01,e01,frame_000085.png,"[0, 1, 2]",0.6125,"[14, 24, 28]",0.2157,"[43, 72, 77]",0.0874,"[66, 107, 119]",0.0781,"[164, 181, 181]",0.0063
s01,e01,frame_000086.png,"[0, 0, 0]",0.4858,"[13, 21, 26]",0.2455,"[5, 11, 13]",0.202,"[38, 45, 46]",0.0501,"[67, 78, 85]",0.0166
s01,e01,frame_000087.png,"[0, 0, 2]",0.8464,"[5, 11, 14]",0.0943,"[14, 25, 28]",0.0404,"[56, 76, 81]",0.0117,"[169, 183, 182]",0.0072
s01,e01,frame_000088.png,"[0, 1, 2]",0.8017,"[22, 29, 39]",0.0872,"[43, 63, 75]",0.0629,"[75, 111, 122]",0.0409,"[125, 177, 180]",0.0073
s01,e01,frame_000089.png,"[1, 2, 3]",0.6132,"[20, 29, 37]",0.1662,"[45, 65, 76]",0.1008,"[74, 109, 120]",0.0909,"[104, 151, 161]",0.0289
s01,e01,frame_000090.png,"[1, 1, 3]",0.6032,"[23, 33, 42]",0.1523,"[45, 68, 77]",0.0905,"[68, 102, 115]",0.0886,"[91, 136, 150]",0.0654
s01,e01,frame_000091.png,"[10, 8, 9]",0.4872,"[31, 31, 36]",0.2339,"[94, 110, 125]",0.1332,"[63, 68, 75]",0.127,"[154, 169, 176]",0.0187
s01,e01,frame_000092.png,"[1, 0, 0]",0.4615,"[13, 10, 8]",0.2932,"[29, 27, 31]",0.1214,"[50, 48, 49]",0.0769,"[75, 76, 79]",0.047
s01,e01,frame_000093.png,"[4, 2, 1]",0.4618,"[25, 31, 44]",0.1744,"[23, 17, 19]",0.1684,"[61, 67, 70]",0.107,"[57, 43, 35]",0.0884
s01,e01,frame_000094.png,"[4, 2, 2]",0.4944,"[29, 23, 21]",0.2421,"[57, 52, 50]",0.1842,"[78, 92, 103]",0.073,"[222, 221, 221]",0.0063
s01,e01,frame_000095.png,"[4, 3, 3]",0.4851,"[27, 22, 21]",0.2845,"[52, 50, 51]",0.1426,"[81, 95, 108]",0.0753,"[173, 181, 187]",0.0125
s01,e01,frame_000096.png,"[11, 9, 9]",0.3514,"[31, 30, 34]",0.2085,"[68, 82, 101]",0.1931,"[52, 55, 62]",0.187,"[91, 114, 141]",0.06
s01,e01,frame_000097.png,"[5, 4, 3]",0.4823,"[23, 19, 18]",0.2919,"[49, 47, 45]",0.1401,"[76, 93, 107]",0.0589,"[116, 137, 153]",0.0268
s01,e01,frame_000098.png,"[1, 0, 0]",0.6504,"[15, 11, 11]",0.1863,"[33, 27, 27]",0.078,"[51, 51, 53]",0.0523,"[76, 79, 82]",0.033
s01,e01,frame_000099.png,"[4, 3, 3]",0.4416,"[19, 15, 15]",0.2586,"[59, 73, 90]",0.1545,"[42, 41, 47]",0.0973,"[88, 109, 133]",0.048
s01,e01,frame_000100.png,"[8, 6, 6]",0.6166,"[55, 69, 85]",0.1543,"[34, 29, 34]",0.1309,"[83, 103, 127]",0.0655,"[90, 65, 57]",0.0327
s01,e01,frame_000101.png,"[5, 3, 1]",0.6053,"[16, 16, 18]",0.2422,"[45, 37, 35]",0.0798,"[89, 69, 58]",0.0483,"[63, 75, 81]",0.0244
s01,e01,frame_000102.png,"[1, 0, 0]",0.3763,"[11, 9, 6]",0.3428,"[19, 19, 21]",0.1862,"[84, 74, 69]",0.0481,"[54, 46, 44]",0.0466
s01,e01,frame_000103.png,"[7, 4, 2]",0.7824,"[32, 28, 22]",0.1384,"[51, 47, 41]",0.056,"[75, 73, 65]",0.0191,"[128, 118, 114]",0.0041
s01,e01,frame_000104.png,"[18, 15, 10]",0.3794,"[5, 3, 1]",0.3575,"[28, 24, 19]",0.1629,"[46, 42, 36]",0.0788,"[76, 72, 67]",0.0214
s01,e01,frame_000105.png,"[2, 1, 1]",0.5924,"[15, 13, 11]",0.227,"[29, 26, 23]",0.1457,"[64, 61, 60]",0.0305,"[139, 140, 136]",0.0044
s01,e01,frame_000106.png,"[1, 1, 3]",0.7311,"[8, 7, 8]",0.1917,"[28, 23, 22]",0.055,"[49, 42, 43]",0.0123,"[72, 63, 64]",0.0099
s01,e01,frame_000107.png,"[1, 1, 0]",0.4431,"[10, 6, 3]",0.2664,"[19, 15, 10]",0.1976,"[29, 24, 21]",0.0719,"[63, 58, 60]",0.021
s01,e01,frame_000108.png,"[1, 0, 2]",0.7792,"[21, 21, 21]",0.0859,"[48, 49, 51]",0.0605,"[84, 86, 87]",0.0515,"[133, 133, 135]",0.0229
s01,e01,frame_000109.png,"[2, 0, 4]",0.4726,"[10, 9, 10]",0.4046,"[31, 29, 30]",0.0561,"[53, 52, 55]",0.0504,"[111, 102, 102]",0.0163
s01,e01,frame_000110.png,"[3, 2, 4]",0.7138,"[28, 26, 28]",0.1414,"[59, 56, 59]",0.0786,"[101, 97, 104]",0.0537,"[188, 188, 190]",0.0125
s01,e01,frame_000111.png,"[3, 2, 4]",0.7575,"[25, 23, 23]",0.1201,"[55, 51, 53]",0.0745,"[92, 89, 91]",0.0363,"[193, 193, 194]",0.0116
s01,e01,frame_000112.png,"[4, 3, 5]",0.7649,"[28, 26, 26]",0.1191,"[60, 57, 58]",0.074,"[101, 99, 102]",0.0304,"[204, 205, 206]",0.0116
s01,e01,frame_000113.png,"[2, 1, 4]",0.626,"[9, 7, 10]",0.2286,"[33, 32, 34]",0.0681,"[58, 58, 61]",0.0668,"[128, 123, 123]",0.0105
s01,e01,frame_000114.png,"[16, 14, 13]",0.3999,"[2, 2, 1]",0.342,"[32, 30, 30]",0.1852,"[65, 63, 64]",0.0581,"[137, 135, 139]",0.0148
s01,e01,frame_000115.png,"[4, 3, 2]",0.4717,"[18, 16, 15]",0.3459,"[33, 31, 32]",0.1392,"[66, 63, 62]",0.038,"[151, 148, 151]",0.0052
s01,e01,frame_000116.png,"[1, 0, 0]",0.5066,"[14, 13, 14]",0.4112,"[38, 27, 26]",0.0323,"[85, 73, 72]",0.0253,"[61, 48, 45]",0.0246
s01,e01,frame_000117.png,"[1, 0, 3]",0.5571,"[12, 11, 13]",0.2618,"[26, 23, 24]",0.1322,"[54, 48, 49]",0.0346,"[96, 87, 89]",0.0143
s01,e01,frame_000118.png,"[2, 0, 3]",0.6793,"[13, 11, 13]",0.188,"[30, 25, 27]",0.0879,"[56, 48, 50]",0.0305,"[88, 81, 83]",0.0143
s01,e01,frame_000119.png,"[1, 0, 0]",0.528,"[11, 10, 10]",0.2358,"[18, 16, 18]",0.1731,"[54, 41, 38]",0.0362,"[84, 71, 69]",0.0269
s01,e01,frame_000120.png,"[2, 0, 4]",0.6615,"[13, 11, 13]",0.1977,"[31, 25, 27]",0.0871,"[60, 51, 51]",0.0378,"[102, 92, 94]",0.0159
s01,e01,frame_000121.png,"[0, 0, 0]",0.568,"[19, 17, 18]",0.2071,"[11, 9, 10]",0.1782,"[53, 42, 40]",0.0362,"[104, 88, 83]",0.0105
s01,e01,frame_000122.png,"[2, 0, 4]",0.7215,"[16, 12, 13]",0.1596,"[36, 30, 32]",0.0756,"[65, 59, 60]",0.0306,"[102, 93, 94]",0.0127
s01,e01,frame_000123.png,"[2, 0, 4]",0.7229,"[14, 10, 12]",0.1256,"[30, 25, 26]",0.095,"[55, 48, 49]",0.0391,"[92, 84, 85]",0.0174
s01,e01,frame_000124.png,"[4, 3, 5]",0.5421,"[20, 20, 23]",0.2489,"[48, 50, 53]",0.1304,"[90, 93, 99]",0.0543,"[246, 246, 246]",0.0243
s01,e01,frame_000125.png,"[0, 0, 0]",0.6945,"[9, 8, 9]",0.1322,"[21, 19, 22]",0.1115,"[37, 37, 39]",0.0445,"[61, 62, 64]",0.0173
s01,e01,frame_000126.png,"[0, 0, 0]",0.5933,"[9, 8, 9]",0.1892,"[21, 20, 21]",0.1277,"[33, 34, 35]",0.0745,"[64, 64, 66]",0.0153
s01,e01,frame_000127.png,"[4, 5, 4]",0.4293,"[11, 11, 11]",0.4157,"[28, 23, 22]",0.1016,"[55, 41, 37]",0.0305,"[92, 71, 66]",0.0229
s01,e01,frame_000128.png,"[2, 2, 2]",0.4696,"[13, 14, 18]",0.4061,"[22, 25, 29]",0.1033,"[158, 158, 158]",0.0138,"[63, 65, 69]",0.0072
s01,e01,frame_000129.png,"[5, 4, 3]",0.2314,"[92, 99, 104]",0.2285,"[70, 76, 80]",0.2183,"[50, 54, 57]",0.1951,"[33, 31, 32]",0.1267
s01,e01,frame_000130.png,"[3, 3, 3]",0.513,"[51, 52, 55]",0.1701,"[70, 74, 78]",0.1473,"[32, 32, 33]",0.1422,"[100, 106, 114]",0.0274
s01,e01,frame_000131.png,"[2, 1, 1]",0.5584,"[72, 76, 80]",0.1473,"[19, 14, 10]",0.1214,"[38, 32, 32]",0.0935,"[56, 56, 59]",0.0794
s01,e01,frame_000132.png,"[1, 1, 1]",0.4564,"[13, 12, 14]",0.2734,"[31, 31, 34]",0.2019,"[63, 66, 75]",0.0645,"[151, 152, 163]",0.0038
s01,e01,frame_000133.png,"[2, 2, 2]",0.4062,"[11, 10, 10]",0.3041,"[24, 20, 22]",0.1737,"[44, 37, 37]",0.095,"[74, 72, 77]",0.021
s01,e01,frame_000134.png,"[10, 11, 12]",0.6159,"[2, 2, 4]",0.2469,"[32, 26, 26]",0.1018,"[83, 65, 60]",0.0304,"[166, 160, 156]",0.005
s01,e01,frame_000135.png,"[28, 28, 31]",0.3638,"[1, 0, 0]",0.2985,"[15, 13, 12]",0.1997,"[45, 43, 44]",0.1097,"[96, 81, 81]",0.0283
s01,e01,frame_000136.png,"[10, 10, 13]",0.5952,"[2, 1, 3]",0.2706,"[29, 23, 24]",0.0997,"[74, 57, 52]",0.0333,"[148, 135, 126]",0.0012
s01,e01,frame_000137.png,"[2, 1, 1]",0.4442,"[10, 9, 9]",0.3047,"[22, 18, 21]",0.1525,"[45, 36, 35]",0.0798,"[67, 63, 69]",0.0188
s01,e01,frame_000138.png,"[10, 10, 12]",0.5895,"[2, 2, 4]",0.2968,"[33, 26, 26]",0.0686,"[76, 60, 54]",0.0404,"[169, 164, 161]",0.0047
s01,e01,frame_000139.png,"[4, 3, 4]",0.5048,"[17, 15, 18]",0.3153,"[38, 34, 36]",0.139,"[72, 69, 79]",0.0352,"[240, 238, 239]",0.0057
s01,e01,frame_000140.png,"[1, 1, 2]",0.5189,"[11, 11, 12]",0.231,"[17, 18, 21]",0.2155,"[48, 41, 40]",0.0253,"[93, 80, 78]",0.0093
s01,e01,frame_000141.png,"[2, 1, 1]",0.4362,"[10, 9, 9]",0.2934,"[21, 18, 20]",0.1683,"[46, 35, 34]",0.0854,"[71, 65, 71]",0.0167
s01,e01,frame_000142.png,"[10, 10, 13]",0.5582,"[2, 2, 4]",0.2781,"[35, 28, 28]",0.1055,"[81, 65, 59]",0.0535,"[177, 174, 172]",0.0047
s01,e01,frame_000143.png,"[0, 0, 0]",0.5008,"[14, 12, 11]",0.2443,"[26, 25, 23]",0.1885,"[42, 40, 38]",0.0653,"[215, 214, 213]",0.0011
s01,e01,frame_000144.png,"[1, 1, 1]",0.4938,"[12, 12, 12]",0.1805,"[25, 25, 27]",0.1689,"[41, 40, 42]",0.1552,"[134, 136, 144]",0.0016
s01,e01,frame_000145.png,"[2, 1, 2]",0.4903,"[15, 15, 16]",0.234,"[26, 26, 28]",0.143,"[36, 37, 40]",0.096,"[56, 44, 44]",0.0367
s01,e01,frame_000146.png,"[1, 1, 1]",0.4755,"[14, 14, 14]",0.1802,"[22, 22, 24]",0.1589,"[34, 34, 37]",0.1441,"[55, 44, 44]",0.0413
s01,e01,frame_000147.png,"[1, 1, 1]",0.4436,"[13, 16, 20]",0.274,"[8, 10, 10]",0.2084,"[23, 25, 29]",0.0612,"[79, 61, 60]",0.0128
s01,e01,frame_000148.png,"[0, 0, 0]",0.2779,"[12, 11, 12]",0.2571,"[34, 34, 38]",0.2554,"[23, 24, 26]",0.2083,"[151, 153, 158]",0.0013
s01,e01,frame_000149.png,"[14, 13, 15]",0.3298,"[0, 0, 0]",0.2641,"[28, 28, 32]",0.2399,"[38, 37, 42]",0.1648,"[156, 158, 162]",0.0014
s01,e01,frame_000150.png,"[14, 14, 16]",0.4286,"[0, 0, 0]",0.2914,"[33, 33, 37]",0.2389,"[49, 46, 53]",0.0399,"[173, 174, 177]",0.0012
s01,e01,frame_000151.png,"[11, 12, 12]",0.5232,"[3, 4, 4]",0.4019,"[41, 29, 25]",0.0522,"[78, 60, 58]",0.0208,"[173, 168, 164]",0.0019
s01,e01,frame_000152.png,"[1, 0, 0]",0.6069,"[15, 11, 8]",0.2131,"[31, 25, 22]",0.1149,"[50, 45, 40]",0.0565,"[95, 93, 92]",0.0086
s01,e01,frame_000153.png,"[3, 1, 1]",0.5367,"[18, 12, 11]",0.3129,"[42, 35, 32]",0.0829,"[72, 65, 63]",0.0498,"[120, 97, 102]",0.0177
s01,e01,frame_000154.png,"[7, 3, 2]",0.5134,"[21, 15, 12]",0.2966,"[44, 36, 31]",0.1206,"[70, 67, 66]",0.0606,"[152, 122, 100]",0.0088
s01,e01,frame_000155.png,"[8, 3, 1]",0.5427,"[21, 15, 13]",0.2757,"[40, 31, 27]",0.1156,"[67, 60, 55]",0.0577,"[149, 120, 101]",0.0083
s01,e01,frame_000156.png,"[2, 1, 1]",0.4104,"[11, 9, 6]",0.2725,"[22, 16, 13]",0.2215,"[40, 32, 28]",0.0725,"[67, 57, 45]",0.0231
s01,e01,frame_000157.png,"[2, 1, 1]",0.5697,"[14, 10, 7]",0.2049,"[26, 19, 17]",0.1316,"[52, 41, 30]",0.0635,"[77, 64, 52]",0.0303
s01,e01,frame_000158.png,"[1, 0, 0]",0.5685,"[16, 11, 8]",0.2075,"[31, 24, 20]",0.1152,"[51, 45, 38]",0.0782,"[80, 75, 72]",0.0306
s01,e01,frame_000159.png,"[3, 1, 1]",0.6078,"[18, 13, 10]",0.244,"[37, 27, 21]",0.0758,"[61, 49, 34]",0.0566,"[88, 73, 66]",0.0158
s01,e01,frame_000160.png,"[2, 1, 1]",0.5816,"[15, 11, 8]",0.2007,"[27, 20, 17]",0.118,"[53, 41, 30]",0.071,"[80, 67, 54]",0.0287
s01,e01,frame_000161.png,"[12, 7, 5]",0.5493,"[30, 22, 17]",0.2371,"[53, 45, 38]",0.1339,"[88, 81, 74]",0.0664,"[184, 156, 129]",0.0133
s01,e01,frame_000162.png,"[0, 1, 2]",0.3987,"[6, 30, 40]",0.3251,"[1, 16, 25]",0.2496,"[73, 96, 100]",0.0227,"[204, 208, 210]",0.0039
s01,e01,frame_000163.png,"[0, 0, 4]",0.3907,"[0, 4, 10]",0.2043,"[0, 13, 22]",0.1968,"[1, 19, 30]",0.1756,"[7, 37, 50]",0.0326
s01,e01,frame_000164.png,"[2, 2, 2]",0.5434,"[2, 14, 17]",0.3771,"[13, 24, 33]",0.0425,"[24, 41, 54]",0.024,"[45, 62, 77]",0.013
s01,e01,frame_000165.png,"[2, 2, 2]",0.496,"[1, 9, 12]",0.3288,"[8, 21, 27]",0.1133,"[24, 40, 52]",0.0395,"[51, 68, 84]",0.0224
s01,e01,frame_000166.png,"[3, 12, 19]",0.3308,"[0, 2, 5]",0.3037,"[8, 19, 28]",0.276,"[17, 30, 40]",0.0774,"[45, 54, 56]",0.0121
s01,e01,frame_000167.png,"[2, 2, 2]",0.4717,"[2, 11, 14]",0.3272,"[7, 18, 24]",0.123,"[18, 33, 44]",0.0566,"[37, 54, 69]",0.0215
s01,e01,frame_000168.png,"[1, 1, 3]",0.839,"[7, 10, 16]",0.0888,"[16, 23, 30]",0.0431,"[39, 44, 50]",0.023,"[59, 71, 89]",0.0061
s01,e01,frame_000169.png,"[0, 0, 0]",0.6045,"[0, 3, 6]",0.1674,"[0, 8, 11]",0.1229,"[2, 12, 17]",0.069,"[6, 18, 27]",0.0362
s01,e01,frame_000170.png,"[3, 12, 17]",0.3902,"[0, 3, 4]",0.3148,"[9, 22, 30]",0.1667,"[22, 40, 51]",0.0868,"[49, 66, 82]",0.0415
s01,e01,frame_000171.png,"[3, 13, 18]",0.4188,"[0, 4, 5]",0.3436,"[11, 25, 34]",0.1333,"[24, 41, 53]",0.0687,"[50, 67, 84]",0.0356
s01,e01,frame_000172.png,"[1, 10, 12]",0.4622,"[0, 0, 1]",0.278,"[8, 21, 29]",0.1692,"[22, 40, 52]",0.0657,"[50, 69, 85]",0.0249
s01,e01,frame_000173.png,"[2, 1, 4]",0.3707,"[18, 33, 45]",0.2193,"[31, 51, 66]",0.2094,"[6, 14, 21]",0.1879,"[90, 83, 96]",0.0127
s01,e01,frame_000174.png,"[2, 3, 6]",0.4502,"[14, 26, 37]",0.2343,"[26, 44, 59]",0.2068,"[38, 58, 74]",0.0973,"[96, 92, 105]",0.0114
s01,e01,frame_000175.png,"[2, 2, 5]",0.6234,"[14, 21, 30]",0.1886,"[11, 12, 15]",0.101,"[25, 36, 43]",0.0657,"[43, 62, 68]",0.0213
s01,e01,frame_000176.png,"[2, 1, 4]",0.5909,"[19, 29, 39]",0.1548,"[12, 14, 18]",0.1255,"[27, 43, 52]",0.0977,"[41, 61, 73]",0.0311
s01,e01,frame_000177.png,"[1, 1, 2]",0.3973,"[13, 19, 27]",0.1914,"[9, 10, 14]",0.1671,"[17, 31, 37]",0.1387,"[22, 49, 51]",0.1055
s01,e01,frame_000178.png,"[1, 1, 3]",0.3988,"[13, 18, 25]",0.218,"[7, 9, 13]",0.1448,"[17, 31, 37]",0.1365,"[23, 49, 51]",0.1019
s01,e01,frame_000179.png,"[2, 2, 3]",0.4739,"[12, 14, 17]",0.1798,"[19, 25, 33]",0.1755,"[26, 40, 50]",0.1505,"[50, 57, 71]",0.0203
s01,e01,frame_000180.png,"[2, 2, 3]",0.4511,"[12, 12, 15]",0.1826,"[18, 23, 30]",0.1821,"[25, 38, 47]",0.1565,"[48, 55, 69]",0.0277
s01,e01,frame_000181.png,"[1, 2, 3]",0.4265,"[13, 20, 25]",0.2338,"[9, 12, 14]",0.2328,"[34, 49, 60]",0.0543,"[22, 33, 41]",0.0526
s01,e01,frame_000182.png,"[1, 1, 2]",0.5763,"[16, 22, 27]",0.1536,"[9, 11, 15]",0.1473,"[20, 40, 43]",0.0973,"[42, 52, 60]",0.0255
s01,e01,frame_000183.png,"[2, 1, 3]",0.554,"[18, 26, 35]",0.1652,"[12, 13, 16]",0.148,"[27, 41, 50]",0.1093,"[45, 60, 71]",0.0235
s01,e01,frame_000184.png,"[2, 1, 4]",0.5336,"[18, 26, 36]",0.1695,"[10, 12, 15]",0.1522,"[26, 40, 50]",0.1141,"[41, 56, 67]",0.0306
s01,e01,frame_000185.png,"[2, 2, 2]",0.4279,"[10, 10, 12]",0.214,"[16, 22, 28]",0.1878,"[27, 34, 40]",0.1147,"[40, 49, 61]",0.0556
s01,e01,frame_000186.png,"[2, 1, 3]",0.4977,"[11, 22, 29]",0.2133,"[18, 37, 41]",0.1285,"[8, 10, 15]",0.1086,"[32, 55, 59]",0.0519
s01,e01,frame_000187.png,"[4, 15, 25]",0.3123,"[0, 4, 10]",0.3011,"[14, 32, 43]",0.2702,"[23, 42, 56]",0.1098,"[74, 89, 105]",0.0066
s01,e01,frame_000188.png,"[0, 4, 9]",0.2874,"[0, 0, 2]",0.2755,"[3, 11, 17]",0.2642,"[9, 19, 27]",0.1676,"[32, 44, 54]",0.0053
s01,e01,frame_000189.png,"[0, 0, 0]",0.5437,"[1, 4, 8]",0.163,"[6, 11, 16]",0.1538,"[11, 19, 25]",0.1262,"[41, 48, 56]",0.0133
s01,e01,frame_000190.png,"[0, 1, 3]",0.3061,"[4, 9, 13]",0.3014,"[10, 16, 21]",0.2856,"[19, 25, 32]",0.1011,"[54, 53, 60]",0.0058
s01,e01,frame_000191.png,"[2, 2, 3]",0.4628,"[4, 7, 12]",0.2391,"[16, 26, 33]",0.1151,"[9, 15, 21]",0.1128,"[24, 36, 42]",0.0702
s01,e01,frame_000192.png,"[1, 2, 3]",0.4932,"[12, 14, 15]",0.2933,"[28, 30, 31]",0.1664,"[72, 62, 60]",0.0293,"[119, 117, 117]",0.0178
s01,e01,frame_000193.png,"[1, 0, 1]",0.5423,"[9, 19, 24]",0.1474,"[2, 3, 6]",0.1329,"[7, 11, 16]",0.1196,"[18, 29, 34]",0.0578
s01,e01,frame_000194.png,"[7, 14, 23]",0.445,"[2, 3, 8]",0.3128,"[16, 27, 33]",0.2115,"[40, 54, 65]",0.0268,"[99, 109, 115]",0.0039
s01,e01,frame_000195.png,"[3, 4, 8]",0.3576,"[7, 13, 21]",0.3501,"[16, 26, 35]",0.2214,"[30, 42, 54]",0.0637,"[93, 99, 111]",0.0072
s01,e01,frame_000196.png,"[4, 5, 4]",0.6302,"[14, 16, 16]",0.274,"[44, 36, 34]",0.0375,"[76, 59, 57]",0.0317,"[117, 86, 84]",0.0266
s01,e01,frame_000197.png,"[1, 1, 3]",0.4198,"[4, 7, 10]",0.2791,"[7, 11, 15]",0.1832,"[13, 17, 23]",0.0871,"[31, 32, 40]",0.0308
s01,e01,frame_000198.png,"[2, 2, 2]",0.2981,"[16, 16, 16]",0.2845,"[10, 9, 9]",0.2165,"[23, 22, 22]",0.1426,"[32, 30, 30]",0.0583
s01,e01,frame_000199.png,"[3, 2, 2]",0.7982,"[21, 18, 20]",0.1092,"[51, 44, 45]",0.0598,"[112, 82, 80]",0.0258,"[170, 123, 114]",0.007
s01,e01,frame_000200.png,"[5, 4, 4]",0.7068,"[20, 18, 19]",0.1762,"[54, 45, 45]",0.0778,"[131, 93, 88]",0.0313,"[223, 180, 170]",0.0079
s01,e01,frame_000201.png,"[5, 5, 5]",0.3632,"[18, 17, 16]",0.2989,"[34, 30, 30]",0.1532,"[56, 48, 46]",0.0938,"[80, 65, 62]",0.0909
s01,e01,frame_000202.png,"[2, 2, 2]",0.5787,"[10, 11, 11]",0.233,"[23, 22, 23]",0.1,"[37, 36, 36]",0.0638,"[66, 56, 53]",0.0245
s01,e01,frame_000203.png,"[21, 24, 25]",0.4338,"[6, 5, 5]",0.4241,"[52, 47, 46]",0.1162,"[96, 89, 89]",0.0159,"[224, 221, 219]",0.01
s01,e01,frame_000204.png,"[9, 9, 11]",0.5436,"[22, 27, 28]",0.3272,"[56, 54, 56]",0.1071,"[154, 111, 118]",0.0113,"[249, 242, 243]",0.0108
s01,e01,frame_000205.png,"[12, 18, 24]",0.3975,"[2, 2, 5]",0.2696,"[6, 10, 15]",0.232,"[30, 31, 32]",0.0764,"[57, 45, 44]",0.0245
s01,e01,frame_000206.png,"[3, 4, 10]",0.3461,"[14, 18, 24]",0.2822,"[8, 11, 16]",0.221,"[1, 1, 3]",0.1017,"[30, 31, 36]",0.049
s01,e01,frame_000207.png,"[2, 3, 5]",0.3515,"[7, 10, 14]",0.3007,"[12, 18, 26]",0.1759,"[20, 28, 38]",0.15,"[37, 48, 62]",0.0219
s01,e01,frame_000208.png,"[2, 2, 2]",0.6428,"[2, 3, 5]",0.1903,"[6, 9, 13]",0.081,"[14, 19, 27]",0.0701,"[32, 38, 45]",0.0158
s01,e01,frame_000209.png,"[32, 36, 43]",0.4705,"[12, 13, 17]",0.3621,"[84, 71, 76]",0.0992,"[157, 123, 125]",0.0445,"[235, 201, 196]",0.0237
s01,e01,frame_000210.png,"[4, 4, 4]",0.4928,"[16, 17, 21]",0.2459,"[31, 36, 42]",0.1988,"[76, 73, 79]",0.0516,"[172, 159, 158]",0.0109
s01,e01,frame_000211.png,"[4, 3, 4]",0.368,"[14, 13, 16]",0.3441,"[60, 60, 67]",0.1425,"[35, 33, 38]",0.0959,"[91, 85, 94]",0.0495
s01,e01,frame_000212.png,"[1, 0, 0]",0.3846,"[1, 0, 2]",0.2932,"[0, 0, 0]",0.1791,"[0, 0, 2]",0.0752,"[1, 0, 0]",0.0679
s01,e01,frame_000213.png,"[25, 18, 12]",0.5366,"[64, 56, 45]",0.2929,"[118, 109, 95]",0.0792,"[240, 234, 227]",0.0473,"[196, 185, 170]",0.044
s01,e01,frame_000214.png,"[14, 10, 9]",0.4456,"[52, 43, 40]",0.2623,"[106, 95, 89]",0.1285,"[250, 249, 247]",0.1199,"[183, 168, 152]",0.0437
s01,e01,frame_000215.png,"[16, 11, 10]",0.454,"[53, 44, 41]",0.2311,"[101, 90, 84]",0.1308,"[250, 248, 245]",0.1204,"[174, 157, 141]",0.0637
s01,e01,frame_000216.png,"[15, 11, 10]",0.4322,"[48, 38, 36]",0.2518,"[91, 82, 76]",0.1545,"[249, 247, 244]",0.1025,"[169, 151, 136]",0.059
s01,e01,frame_000217.png,"[14, 10, 9]",0.428,"[50, 40, 37]",0.2824,"[95, 86, 80]",0.143,"[249, 248, 245]",0.089,"[168, 152, 139]",0.0576
s01,e01,frame_000218.png,"[52, 25, 25]",0.3908,"[10, 6, 5]",0.3626,"[87, 64, 68]",0.1055,"[143, 143, 133]",0.0868,"[234, 226, 212]",0.0543
s01,e01,frame_000219.png,"[7, 4, 3]",0.4165,"[43, 29, 26]",0.3419,"[170, 160, 149]",0.1124,"[239, 225, 212]",0.0729,"[85, 60, 55]",0.0563
s01,e01,frame_000220.png,"[7, 4, 3]",0.5061,"[46, 31, 29]",0.2468,"[173, 161, 149]",0.1219,"[240, 226, 213]",0.0711,"[101, 76, 71]",0.0541
s01,e01,frame_000221.png,"[32, 23, 21]",0.4015,"[12, 7, 6]",0.3348,"[61, 52, 50]",0.168,"[111, 101, 96]",0.074,"[199, 178, 161]",0.0217
s01,e01,frame_000222.png,"[8, 4, 3]",0.4093,"[43, 28, 26]",0.3157,"[150, 146, 135]",0.1444,"[233, 222, 210]",0.0762,"[94, 70, 67]",0.0544
s01,e01,frame_000223.png,"[6, 4, 4]",0.5922,"[39, 31, 31]",0.2435,"[70, 66, 70]",0.0882,"[123, 122, 122]",0.0644,"[243, 217, 204]",0.0117
s01,e01,frame_000224.png,"[5, 4, 3]",0.5766,"[32, 27, 27]",0.2191,"[65, 58, 63]",0.1238,"[120, 117, 119]",0.0653,"[233, 209, 200]",0.0152
s01,e01,frame_000225.png,"[21, 15, 10]",0.391,"[58, 49, 41]",0.2693,"[253, 249, 246]",0.195,"[210, 184, 175]",0.0814,"[114, 101, 93]",0.0633
s01,e01,frame_000226.png,"[18, 18, 15]",0.4088,"[52, 50, 46]",0.2944,"[243, 241, 239]",0.1179,"[108, 103, 97]",0.0944,"[177, 171, 167]",0.0845
s01,e01,frame_000227.png,"[7, 6, 3]",0.435,"[32, 29, 21]",0.2924,"[59, 54, 44]",0.1723,"[95, 87, 79]",0.0791,"[165, 154, 143]",0.0212
s01,e01,frame_000228.png,"[8, 7, 7]",0.467,"[50, 44, 42]",0.2089,"[115, 109, 102]",0.1216,"[187, 189, 176]",0.1045,"[251, 252, 250]",0.098
s01,e01,frame_000229.png,"[10, 9, 9]",0.3845,"[246, 247, 244]",0.2289,"[48, 40, 40]",0.2016,"[88, 80, 81]",0.1209,"[162, 157, 153]",0.0641
s01,e01,frame_000230.png,"[8, 7, 7]",0.4897,"[45, 40, 40]",0.1812,"[247, 248, 245]",0.1218,"[182, 184, 173]",0.1057,"[93, 85, 84]",0.1016
s01,e01,frame_000231.png,"[7, 6, 5]",0.3933,"[38, 31, 27]",0.2469,"[67, 59, 53]",0.192,"[87, 89, 92]",0.1437,"[163, 143, 137]",0.0241
s01,e01,frame_000232.png,"[4, 3, 4]",0.3368,"[27, 26, 27]",0.3105,"[67, 65, 66]",0.1319,"[175, 131, 124]",0.1105,"[123, 101, 96]",0.1103
s01,e01,frame_000233.png,"[5, 4, 4]",0.537,"[19, 17, 18]",0.2365,"[39, 37, 41]",0.1555,"[71, 69, 78]",0.0507,"[143, 140, 142]",0.0203
s01,e01,frame_000234.png,"[2, 1, 1]",0.3221,"[30, 24, 23]",0.3166,"[19, 15, 14]",0.238,"[48, 38, 33]",0.1086,"[84, 82, 81]",0.0147
s01,e01,frame_000235.png,"[54, 52, 54]",0.2763,"[18, 16, 17]",0.275,"[99, 92, 90]",0.2135,"[250, 249, 245]",0.1555,"[160, 149, 141]",0.0797
s01,e01,frame_000236.png,"[4, 3, 3]",0.4234,"[30, 26, 23]",0.2108,"[55, 50, 47]",0.2038,"[82, 75, 71]",0.1268,"[126, 114, 108]",0.0352
s01,e01,frame_000237.png,"[16, 15, 17]",0.4078,"[253, 253, 252]",0.2467,"[57, 57, 59]",0.1847,"[105, 106, 104]",0.12,"[169, 165, 156]",0.0408
s01,e01,frame_000238.png,"[4, 4, 4]",0.5955,"[23, 23, 27]",0.2507,"[61, 62, 63]",0.096,"[247, 247, 244]",0.0307,"[138, 141, 136]",0.0271
s01,e01,frame_000239.png,"[7, 5, 5]",0.5254,"[35, 31, 33]",0.1594,"[124, 121, 128]",0.1577,"[169, 166, 178]",0.0845,"[79, 71, 68]",0.073
s01,e01,frame_000240.png,"[6, 6, 6]",0.5882,"[30, 30, 34]",0.235,"[72, 74, 75]",0.0924,"[251, 251, 249]",0.0555,"[154, 158, 152]",0.0289
s01,e01,frame_000241.png,"[10, 8, 9]",0.3213,"[52, 50, 53]",0.2122,"[249, 250, 250]",0.2084,"[98, 95, 97]",0.1848,"[170, 165, 168]",0.0733
s01,e01,frame_000242.png,"[9, 8, 8]",0.3953,"[51, 51, 54]",0.2863,"[88, 87, 90]",0.2018,"[157, 148, 150]",0.067,"[237, 239, 244]",0.0496
s01,e01,frame_000243.png,"[12, 10, 12]",0.5468,"[253, 252, 253]",0.1756,"[35, 35, 38]",0.1736,"[76, 76, 77]",0.0872,"[160, 148, 148]",0.0168
s01,e01,frame_000244.png,"[14, 11, 12]",0.3152,"[45, 41, 43]",0.1965,"[226, 234, 233]",0.1945,"[169, 178, 191]",0.189,"[118, 119, 127]",0.1048
s01,e01,frame_000245.png,"[11, 10, 13]",0.5406,"[51, 49, 52]",0.2002,"[250, 251, 251]",0.115,"[102, 101, 101]",0.1105,"[172, 169, 169]",0.0337
s01,e01,frame_000246.png,"[17, 15, 15]",0.4601,"[244, 246, 244]",0.1898,"[59, 59, 60]",0.1673,"[193, 196, 202]",0.1148,"[142, 140, 146]",0.068
s01,e01,frame_000247.png,"[11, 8, 8]",0.3815,"[43, 43, 47]",0.2471,"[75, 76, 76]",0.1858,"[121, 117, 114]",0.1134,"[185, 172, 167]",0.0722
s01,e01,frame_000248.png,"[16, 14, 12]",0.3957,"[249, 249, 251]",0.2509,"[58, 57, 55]",0.2239,"[196, 196, 205]",0.0767,"[108, 105, 102]",0.0528
s01,e01,frame_000249.png,"[17, 16, 17]",0.3987,"[51, 51, 53]",0.2495,"[249, 248, 244]",0.1706,"[94, 91, 92]",0.1259,"[179, 171, 172]",0.0553
s01,e01,frame_000250.png,"[14, 12, 13]",0.345,"[43, 42, 43]",0.2254,"[246, 245, 242]",0.175,"[83, 81, 83]",0.1464,"[170, 165, 170]",0.1082
s01,e01,frame_000251.png,"[15, 12, 10]",0.416,"[51, 49, 49]",0.2158,"[245, 244, 240]",0.1441,"[95, 87, 86]",0.1266,"[169, 164, 168]",0.0975
s01,e01,frame_000252.png,"[15, 12, 7]",0.4262,"[63, 52, 47]",0.2077,"[198, 195, 199]",0.1824,"[120, 95, 88]",0.1118,"[168, 141, 136]",0.0719
s01,e01,frame_000253.png,"[5, 4, 3]",0.4626,"[44, 40, 36]",0.2248,"[87, 78, 66]",0.1593,"[133, 121, 107]",0.1076,"[203, 202, 197]",0.0457
s01,e01,frame_000254.png,"[11, 9, 8]",0.3731,"[252, 252, 251]",0.2285,"[48, 48, 46]",0.2104,"[93, 95, 87]",0.1417,"[170, 166, 156]",0.0463
s01,e01,frame_000255.png,"[57, 60, 57]",0.3057,"[103, 99, 90]",0.2425,"[23, 19, 16]",0.2315,"[251, 251, 251]",0.1733,"[173, 170, 161]",0.047
s01,e01,frame_000256.png,"[11, 9, 8]",0.6958,"[64, 62, 59]",0.1139,"[170, 176, 183]",0.077,"[124, 128, 126]",0.0692,"[243, 243, 242]",0.0441
s01,e01,frame_000257.png,"[13, 10, 8]",0.6,"[55, 52, 46]",0.1443,"[99, 105, 101]",0.1219,"[145, 149, 146]",0.0913,"[203, 207, 209]",0.0425
s01,e01,frame_000258.png,"[13, 10, 9]",0.6072,"[38, 35, 32]",0.1861,"[78, 78, 78]",0.1086,"[118, 121, 120]",0.0724,"[190, 184, 174]",0.0257
s01,e01,frame_000259.png,"[8, 5, 5]",0.6428,"[28, 22, 18]",0.2339,"[49, 42, 37]",0.0763,"[95, 87, 82]",0.0275,"[171, 171, 174]",0.0195
s01,e01,frame_000260.png,"[6, 6, 6]",0.5657,"[118, 119, 122]",0.1446,"[176, 174, 182]",0.0986,"[238, 239, 249]",0.0967,"[60, 58, 60]",0.0944
s01,e01,frame_000261.png,"[30, 32, 33]",0.3162,"[12, 11, 13]",0.2354,"[52, 52, 56]",0.2153,"[77, 71, 79]",0.1929,"[102, 108, 115]",0.0402
s01,e01,frame_000262.png,"[5, 2, 0]",0.616,"[35, 25, 17]",0.192,"[81, 70, 57]",0.1048,"[134, 122, 107]",0.0489,"[215, 212, 209]",0.0383
s01,e01,frame_000263.png,"[3, 1, 0]",0.4592,"[27, 17, 8]",0.235,"[47, 35, 21]",0.2226,"[75, 65, 52]",0.0596,"[118, 107, 104]",0.0236
s01,e01,frame_000264.png,"[7, 4, 2]",0.4195,"[29, 22, 18]",0.2876,"[60, 49, 41]",0.1761,"[93, 81, 79]",0.0895,"[152, 149, 155]",0.0273
s01,e01,frame_000265.png,"[10, 8, 6]",0.4609,"[85, 61, 56]",0.2287,"[42, 33, 29]",0.1756,"[133, 129, 128]",0.0894,"[252, 252, 250]",0.0454
s01,e01,frame_000266.png,"[9, 5, 4]",0.4721,"[34, 27, 22]",0.2807,"[70, 56, 50]",0.1714,"[102, 98, 98]",0.0535,"[158, 156, 161]",0.0223
s01,e01,frame_000267.png,"[7, 3, 2]",0.4032,"[27, 21, 17]",0.2856,"[56, 46, 39]",0.1747,"[88, 76, 73]",0.1052,"[145, 142, 147]",0.0313
s01,e01,frame_000268.png,"[10, 6, 4]",0.5048,"[36, 29, 23]",0.2428,"[71, 56, 49]",0.1673,"[99, 94, 94]",0.0629,"[155, 151, 157]",0.0222
s01,e01,frame_000269.png,"[8, 5, 4]",0.4639,"[34, 27, 22]",0.2875,"[74, 58, 51]",0.1614,"[110, 104, 102]",0.0691,"[171, 166, 172]",0.0181
s01,e01,frame_000270.png,"[3, 0, 0]",0.5671,"[50, 38, 25]",0.1559,"[28, 17, 9]",0.1388,"[88, 81, 63]",0.0703,"[172, 170, 152]",0.0679
s01,e01,frame_000271.png,"[10, 8, 7]",0.5013,"[164, 161, 156]",0.188,"[138, 133, 124]",0.1222,"[189, 187, 191]",0.1155,"[70, 61, 58]",0.073
s01,e01,frame_000272.png,"[6, 2, 0]",0.6306,"[47, 34, 20]",0.2191,"[83, 75, 59]",0.07,"[190, 191, 176]",0.045,"[149, 145, 128]",0.0353
s01,e01,frame_000273.png,"[8, 3, 1]",0.5724,"[46, 34, 22]",0.2037,"[86, 80, 65]",0.0909,"[158, 157, 136]",0.0684,"[195, 198, 182]",0.0646
s01,e01,frame_000274.png,"[8, 6, 5]",0.5243,"[28, 23, 19]",0.2919,"[60, 54, 46]",0.0905,"[103, 92, 80]",0.0663,"[155, 136, 131]",0.027
s01,e01,frame_000275.png,"[11, 8, 8]",0.4854,"[177, 173, 158]",0.166,"[70, 65, 51]",0.152,"[142, 135, 114]",0.122,"[209, 211, 211]",0.0746
s01,e01,frame_000276.png,"[8, 4, 3]",0.4534,"[33, 26, 21]",0.27,"[69, 54, 47]",0.1863,"[104, 96, 94]",0.0695,"[157, 153, 158]",0.0208
s01,e01,frame_000277.png,"[6, 4, 5]",0.7986,"[50, 43, 42]",0.0896,"[253, 250, 246]",0.0515,"[100, 99, 90]",0.0324,"[206, 181, 161]",0.0279
s01,e01,frame_000278.png,"[5, 4, 5]",0.7899,"[41, 36, 35]",0.0995,"[253, 250, 246]",0.0543,"[98, 101, 93]",0.043,"[189, 168, 153]",0.0133
s01,e01,frame_000279.png,"[78, 94, 115]",0.3671,"[95, 113, 135]",0.2435,"[115, 133, 156]",0.1871,"[60, 74, 88]",0.1496,"[23, 32, 41]",0.0527
s01,e01,frame_000280.png,"[4, 4, 6]",0.6358,"[29, 27, 28]",0.1603,"[93, 92, 83]",0.1188,"[248, 247, 246]",0.0463,"[157, 152, 150]",0.0388
s01,e01,frame_000281.png,"[6, 6, 6]",0.6317,"[33, 34, 33]",0.1844,"[68, 70, 66]",0.0866,"[123, 116, 110]",0.0496,"[224, 220, 211]",0.0477
s01,e01,frame_000282.png,"[76, 92, 108]",0.3489,"[93, 109, 126]",0.2928,"[114, 132, 146]",0.1922,"[56, 69, 82]",0.1084,"[18, 24, 33]",0.0577
s01,e01,frame_000283.png,"[76, 90, 111]",0.3483,"[92, 108, 127]",0.3009,"[115, 130, 147]",0.1659,"[49, 61, 75]",0.1139,"[16, 20, 28]",0.071
s01,e01,frame_000284.png,"[129, 138, 151]",0.4802,"[29, 37, 48]",0.1538,"[102, 112, 121]",0.1524,"[67, 76, 84]",0.1104,"[6, 8, 9]",0.1032
s01,e01,frame_000285.png,"[2, 2, 2]",0.4153,"[10, 10, 10]",0.2073,"[27, 26, 24]",0.195,"[45, 43, 40]",0.1352,"[87, 85, 79]",0.0472
s01,e01,frame_000286.png,"[1, 1, 2]",0.6158,"[72, 80, 96]",0.1034,"[95, 104, 124]",0.1019,"[119, 128, 147]",0.0961,"[32, 39, 50]",0.0828
s01,e01,frame_000287.png,"[2, 2, 3]",0.3751,"[11, 11, 11]",0.2586,"[31, 30, 28]",0.2165,"[57, 54, 51]",0.0815,"[96, 95, 89]",0.0683
s01,e01,frame_000288.png,"[12, 14, 18]",0.2583,"[40, 45, 47]",0.2203,"[117, 126, 146]",0.196,"[65, 73, 83]",0.1716,"[98, 107, 123]",0.1538
s01,e01,frame_000289.png,"[6, 6, 7]",0.6138,"[36, 35, 35]",0.1936,"[76, 76, 73]",0.1002,"[160, 148, 139]",0.0602,"[250, 247, 242]",0.0322
s01,e01,frame_000290.png,"[10, 16, 24]",0.3487,"[6, 6, 8]",0.3228,"[16, 29, 40]",0.2341,"[31, 51, 64]",0.0852,"[72, 88, 98]",0.0092
s01,e01,frame_000291.png,"[11, 17, 25]",0.4845,"[7, 8, 12]",0.4075,"[18, 27, 34]",0.0839,"[36, 48, 57]",0.0154,"[79, 103, 112]",0.0087
s01,e01,frame_000292.png,"[4, 5, 8]",0.4448,"[14, 23, 32]",0.3281,"[21, 38, 51]",0.1052,"[34, 57, 75]",0.0963,"[52, 81, 105]",0.0256
s01,e01,frame_000293.png,"[5, 4, 7]",0.4447,"[21, 33, 43]",0.2196,"[14, 19, 23]",0.1884,"[37, 59, 75]",0.1245,"[65, 92, 115]",0.0228
s01,e01,frame_000294.png,"[7, 6, 9]",0.636,"[17, 20, 23]",0.2313,"[31, 37, 44]",0.0993,"[68, 71, 77]",0.0283,"[183, 183, 184]",0.0051
s01,e01,frame_000295.png,"[9, 8, 10]",0.7836,"[23, 26, 29]",0.1344,"[39, 44, 52]",0.0588,"[81, 76, 79]",0.0185,"[187, 187, 188]",0.0047
s01,e01,frame_000296.png,"[9, 8, 10]",0.7077,"[17, 19, 22]",0.1613,"[31, 35, 41]",0.102,"[77, 72, 74]",0.024,"[184, 184, 185]",0.005
s01,e01,frame_000297.png,"[8, 8, 10]",0.4195,"[22, 26, 31]",0.3524,"[36, 47, 59]",0.1269,"[55, 80, 98]",0.0561,"[84, 116, 138]",0.0451
s01,e01,frame_000298.png,"[9, 8, 10]",0.7417,"[25, 27, 30]",0.162,"[41, 47, 55]",0.0592,"[80, 77, 83]",0.0339,"[187, 186, 187]",0.0032
s01,e01,frame_000299.png,"[4, 5, 5]",0.4597,"[16, 22, 26]",0.214,"[29, 40, 49]",0.1861,"[46, 68, 83]",0.1071,"[81, 111, 132]",0.0331
s01,e01,frame_000300.png,"[4, 4, 4]",0.4908,"[16, 19, 22]",0.2081,"[27, 36, 45]",0.1734,"[53, 71, 86]",0.0904,"[97, 127, 149]",0.0373
s01,e01,frame_000301.png,"[2, 1, 1]",0.5903,"[40, 53, 67]",0.1444,"[22, 25, 32]",0.122,"[63, 78, 92]",0.1194,"[120, 145, 158]",0.0239
s01,e01,frame_000302.png,"[5, 2, 4]",0.6245,"[18, 19, 25]",0.1587,"[33, 39, 49]",0.1326,"[59, 62, 64]",0.0758,"[80, 101, 118]",0.0084
s01,e01,frame_000303.png,"[6, 2, 4]",0.5362,"[16, 17, 23]",0.1922,"[33, 39, 48]",0.17,"[58, 64, 70]",0.0932,"[94, 127, 144]",0.0084
s01,e01,frame_000304.png,"[6, 4, 4]",0.5641,"[19, 27, 32]",0.2895,"[33, 51, 59]",0.1053,"[55, 92, 105]",0.033,"[114, 161, 154]",0.0081
s01,e01,frame_000305.png,"[6, 3, 3]",0.5426,"[16, 20, 23]",0.2046,"[23, 34, 41]",0.1868,"[39, 62, 73]",0.0496,"[72, 118, 126]",0.0164
s01,e01,frame_000306.png,"[2, 1, 1]",0.5265,"[15, 21, 23]",0.2061,"[27, 39, 46]",0.1618,"[44, 68, 80]",0.0941,"[75, 116, 132]",0.0115
s01,e01,frame_000307.png,"[1, 0, 0]",0.5716,"[25, 36, 42]",0.1723,"[11, 14, 14]",0.1688,"[40, 61, 71]",0.0862,"[183, 189, 187]",0.0011
s01,e01,frame_000308.png,"[3, 3, 3]",0.5746,"[23, 35, 40]",0.1995,"[41, 65, 74]",0.1681,"[66, 109, 122]",0.0469,"[142, 207, 191]",0.0109
s01,e01,frame_000309.png,"[8, 13, 20]",0.3673,"[26, 39, 47]",0.3187,"[18, 28, 35]",0.2846,"[43, 58, 70]",0.0267,"[105, 119, 130]",0.0027
s01,e01,frame_000310.png,"[26, 37, 45]",0.3686,"[15, 23, 29]",0.309,"[3, 6, 11]",0.2924,"[62, 72, 79]",0.0269,"[181, 180, 177]",0.0031
s01,e01,frame_000311.png,"[13, 13, 15]",0.3688,"[37, 39, 41]",0.2625,"[22, 26, 30]",0.2249,"[78, 113, 119]",0.0745,"[43, 64, 73]",0.0693
s01,e01,frame_000312.png,"[14, 14, 15]",0.4209,"[28, 41, 50]",0.1981,"[42, 34, 32]",0.1915,"[81, 116, 122]",0.0993,"[46, 68, 77]",0.0902
s01,e01,frame_000313.png,"[32, 39, 41]",0.4471,"[8, 10, 13]",0.3514,"[59, 64, 68]",0.1588,"[118, 118, 120]",0.0321,"[223, 222, 222]",0.0106
s01,e01,frame_000314.png,"[4, 4, 5]",0.4515,"[23, 28, 32]",0.2528,"[53, 59, 62]",0.2127,"[95, 100, 102]",0.062,"[184, 186, 186]",0.021
s01,e01,frame_000315.png,"[3, 3, 3]",0.5889,"[20, 19, 17]",0.1756,"[39, 37, 35]",0.1468,"[67, 72, 71]",0.0567,"[110, 122, 124]",0.032
s01,e01,frame_000316.png,"[0, 0, 0]",1.0,,,,,,,,
s01,e01,frame_000317.png,"[5, 4, 7]",0.5507,"[6, 12, 19]",0.1739,"[11, 22, 33]",0.1522,"[21, 40, 52]",0.0847,"[44, 70, 81]",0.0385
s01,e01,frame_000318.png,"[3, 3, 7]",0.6979,"[4, 8, 13]",0.2231,"[13, 19, 22]",0.0518,"[25, 34, 38]",0.0248,"[55, 63, 69]",0.0024
s01,e01,frame_000319.png,"[9, 11, 14]",0.5075,"[2, 2, 4]",0.353,"[21, 30, 35]",0.1205,"[47, 56, 63]",0.0171,"[144, 135, 136]",0.0019
s01,e01,frame_000320.png,"[12, 18, 24]",0.3987,"[4, 8, 11]",0.3429,"[20, 30, 38]",0.1868,"[38, 52, 64]",0.0592,"[72, 86, 99]",0.0124
s01,e01,frame_000321.png,"[2, 4, 5]",0.3922,"[7, 11, 14]",0.3064,"[13, 20, 24]",0.197,"[22, 31, 37]",0.0899,"[40, 51, 59]",0.0145
s01,e01,frame_000322.png,"[8, 10, 13]",0.4419,"[2, 2, 4]",0.3728,"[18, 27, 32]",0.1404,"[35, 48, 57]",0.0421,"[148, 141, 145]",0.0028
s01,e01,frame_000323.png,"[6, 5, 6]",0.6336,"[20, 26, 31]",0.2253,"[45, 49, 51]",0.0673,"[93, 92, 93]",0.0475,"[152, 151, 152]",0.0263
s01,e01,frame_000324.png,"[8, 7, 7]",0.447,"[18, 22, 26]",0.2801,"[34, 46, 55]",0.2288,"[77, 74, 71]",0.03,"[127, 121, 117]",0.0141
s01,e01,frame_000325.png,"[6, 6, 7]",0.4337,"[18, 21, 24]",0.3065,"[29, 41, 50]",0.2299,"[84, 85, 87]",0.0183,"[146, 141, 139]",0.0116
s01,e01,frame_000326.png,"[8, 8, 11]",0.635,"[18, 18, 20]",0.2057,"[36, 32, 31]",0.1096,"[54, 53, 52]",0.0327,"[86, 82, 80]",0.017
s01,e01,frame_000327.png,"[7, 7, 9]",0.3952,"[12, 13, 17]",0.3936,"[27, 24, 24]",0.1193,"[42, 37, 38]",0.0739,"[69, 68, 66]",0.018
s01,e01,frame_000328.png,"[6, 4, 3]",0.8236,"[41, 31, 26]",0.0977,"[91, 73, 63]",0.0405,"[148, 127, 115]",0.0261,"[228, 217, 217]",0.0121
s01,e01,frame_000329.png,"[5, 3, 2]",0.5509,"[31, 20, 16]",0.2795,"[77, 52, 41]",0.115,"[246, 240, 233]",0.0293,"[167, 144, 134]",0.0253
s01,e01,frame_000330.png,"[5, 3, 2]",0.5478,"[31, 20, 16]",0.276,"[76, 51, 41]",0.1163,"[244, 238, 230]",0.0312,"[162, 139, 131]",0.0287
s01,e01,frame_000331.png,"[8, 1, 1]",0.5692,"[26, 18, 11]",0.2364,"[40, 34, 22]",0.144,"[79, 80, 67]",0.0406,"[154, 139, 119]",0.0098
s01,e01,frame_000332.png,"[5, 4, 2]",0.4029,"[34, 25, 19]",0.2166,"[98, 62, 52]",0.2088,"[146, 116, 104]",0.1291,"[206, 194, 177]",0.0426
s01,e01,frame_000333.png,"[9, 5, 4]",0.6512,"[33, 23, 19]",0.2351,"[73, 58, 52]",0.0666,"[134, 123, 107]",0.0304,"[211, 209, 208]",0.0167
s01,e01,frame_000334.png,"[14, 8, 5]",0.3688,"[5, 2, 1]",0.236,"[22, 16, 12]",0.2015,"[36, 29, 24]",0.1127,"[52, 46, 41]",0.081
s01,e01,frame_000335.png,"[10, 4, 3]",0.4806,"[52, 32, 21]",0.1705,"[106, 69, 44]",0.1568,"[157, 114, 79]",0.13,"[206, 183, 137]",0.0621
s01,e01,frame_000336.png,"[26, 19, 14]",0.4388,"[10, 5, 4]",0.3145,"[50, 43, 34]",0.2428,"[252, 248, 236]",0.0025,"[165, 135, 85]",0.0014
s01,e01,frame_000337.png,"[11, 6, 3]",0.5084,"[41, 37, 31]",0.2418,"[124, 136, 132]",0.114,"[78, 83, 81]",0.1042,"[208, 215, 209]",0.0316
s01,e01,frame_000338.png,"[18, 10, 6]",0.4924,"[51, 40, 32]",0.3423,"[80, 78, 73]",0.1315,"[137, 137, 124]",0.0255,"[252, 252, 251]",0.0083
s01,e01,frame_000339.png,"[19, 11, 6]",0.5055,"[48, 41, 33]",0.3035,"[80, 81, 75]",0.1031,"[127, 133, 124]",0.0717,"[229, 228, 218]",0.0162
s01,e01,frame_000340.png,"[36, 24, 15]",0.3172,"[58, 44, 28]",0.2509,"[21, 11, 7]",0.2416,"[74, 64, 51]",0.1469,"[107, 96, 74]",0.0434
s01,e01,frame_000341.png,"[9, 5, 4]",0.417,"[31, 24, 20]",0.3107,"[56, 47, 41]",0.1644,"[107, 84, 64]",0.0721,"[190, 146, 102]",0.0358
s01,e01,frame_000342.png,"[34, 26, 20]",0.2369,"[46, 41, 35]",0.1992,"[18, 11, 7]",0.1977,"[58, 55, 52]",0.1854,"[71, 69, 67]",0.1808
s01,e01,frame_000343.png,"[7, 3, 1]",0.2675,"[26, 18, 11]",0.2174,"[42, 33, 24]",0.1977,"[57, 48, 39]",0.1827,"[83, 79, 73]",0.1347
s01,e01,frame_000344.png,"[3, 1, 0]",0.304,"[42, 32, 23]",0.2327,"[28, 18, 11]",0.2137,"[56, 50, 45]",0.1403,"[78, 73, 67]",0.1093
s01,e01,frame_000345.png,"[6, 3, 2]",0.5139,"[27, 20, 16]",0.1847,"[43, 38, 32]",0.1809,"[84, 83, 81]",0.0701,"[67, 61, 56]",0.0504
s01,e01,frame_000346.png,"[6, 3, 1]",0.5212,"[30, 23, 18]",0.1933,"[46, 40, 34]",0.1749,"[75, 72, 68]",0.0684,"[100, 90, 84]",0.0422
s01,e01,frame_000347.png,"[97, 72, 53]",0.2914,"[81, 58, 41]",0.2253,"[61, 39, 25]",0.1638,"[36, 16, 10]",0.1636,"[9, 3, 1]",0.1559
s01,e01,frame_000348.png,"[14, 8, 3]",0.3294,"[43, 32, 21]",0.3148,"[69, 59, 47]",0.2193,"[121, 94, 70]",0.0899,"[192, 143, 96]",0.0466
s01,e01,frame_000349.png,"[7, 4, 2]",0.4795,"[28, 21, 16]",0.2003,"[42, 37, 31]",0.1733,"[83, 80, 77]",0.0839,"[64, 58, 54]",0.063
s01,e01,frame_000350.png,"[79, 59, 42]",0.3389,"[91, 68, 51]",0.2255,"[7, 3, 1]",0.2037,"[62, 42, 29]",0.1377,"[28, 15, 9]",0.0942
s01,e01,frame_000351.png,"[30, 22, 17]",0.3408,"[7, 4, 3]",0.2976,"[57, 50, 43]",0.2667,"[95, 85, 78]",0.0686,"[196, 160, 127]",0.0263
s01,e01,frame_000352.png,"[74, 44, 27]",0.2908,"[21, 5, 3]",0.2193,"[50, 24, 14]",0.2127,"[98, 63, 41]",0.1861,"[128, 86, 58]",0.0911
s01,e01,frame_000353.png,"[4, 2, 1]",0.5314,"[52, 44, 35]",0.2111,"[29, 21, 14]",0.1952,"[87, 85, 81]",0.0502,"[229, 226, 218]",0.0121
s01,e01,frame_000354.png,"[5, 2, 1]",0.6032,"[35, 28, 21]",0.2448,"[60, 58, 56]",0.1154,"[116, 118, 122]",0.0273,"[214, 213, 214]",0.0093
s01,e01,frame_000355.png,"[23, 17, 14]",0.276,"[37, 32, 27]",0.27,"[6, 3, 2]",0.2239,"[54, 52, 48]",0.1268,"[79, 76, 71]",0.1033
s01,e01,frame_000356.png,"[11, 6, 4]",0.4137,"[38, 33, 27]",0.3485,"[68, 63, 59]",0.1416,"[222, 222, 222]",0.0515,"[141, 137, 134]",0.0447
s01,e01,frame_000357.png,"[10, 7, 4]",0.5217,"[32, 26, 19]",0.3393,"[61, 57, 53]",0.1092,"[243, 243, 243]",0.0166,"[130, 123, 116]",0.0132
s01,e01,frame_000358.png,"[9, 5, 3]",0.4735,"[41, 30, 21]",0.3086,"[67, 58, 50]",0.108,"[93, 88, 85]",0.0971,"[169, 166, 163]",0.0128
s01,e01,frame_000359.png,"[37, 35, 30]",0.4149,"[11, 9, 7]",0.3295,"[79, 77, 71]",0.1565,"[228, 227, 225]",0.0535,"[142, 137, 125]",0.0456
s01,e01,frame_000360.png,"[1, 0, 0]",0.6421,"[18, 12, 7]",0.2163,"[41, 33, 28]",0.0944,"[73, 63, 58]",0.042,"[184, 142, 110]",0.0052
s01,e01,frame_000361.png,"[1, 0, 0]",0.712,"[16, 14, 10]",0.2033,"[34, 32, 29]",0.0707,"[80, 78, 87]",0.0105,"[204, 194, 192]",0.0035
s01,e01,frame_000362.png,"[15, 11, 7]",0.2676,"[49, 51, 43]",0.2376,"[87, 91, 85]",0.2166,"[131, 136, 131]",0.1631,"[225, 229, 228]",0.1151
s01,e01,frame_000363.png,"[10, 10, 9]",0.3046,"[48, 46, 42]",0.3035,"[90, 90, 82]",0.2109,"[143, 141, 134]",0.1386,"[240, 238, 235]",0.0424
s01,e01,frame_000364.png,"[21, 20, 16]",0.3314,"[53, 57, 48]",0.3072,"[94, 107, 94]",0.1809,"[148, 168, 154]",0.1142,"[232, 240, 235]",0.0663
s01,e01,frame_000365.png,"[10, 7, 5]",0.554,"[46, 45, 45]",0.2079,"[90, 94, 99]",0.1357,"[144, 146, 150]",0.0605,"[247, 247, 246]",0.0419
s01,e01,frame_000366.png,"[10, 7, 5]",0.5345,"[45, 43, 44]",0.2218,"[90, 93, 98]",0.1403,"[143, 146, 150]",0.0591,"[246, 246, 244]",0.0443
s01,e01,frame_000367.png,"[5, 3, 1]",0.4019,"[30, 27, 23]",0.3032,"[58, 59, 59]",0.167,"[105, 114, 116]",0.0817,"[171, 181, 186]",0.0462
s01,e01,frame_000368.png,"[4, 2, 2]",0.5153,"[40, 39, 32]",0.2333,"[72, 78, 68]",0.1494,"[122, 132, 123]",0.0774,"[198, 204, 204]",0.0246
s01,e01,frame_000369.png,"[7, 6, 5]",0.4451,"[35, 30, 29]",0.212,"[236, 239, 236]",0.1224,"[91, 96, 86]",0.1213,"[147, 161, 143]",0.0992
s01,e01,frame_000370.png,"[3, 2, 3]",0.7076,"[14, 12, 11]",0.1883,"[40, 31, 27]",0.038,"[102, 83, 73]",0.0358,"[73, 57, 50]",0.0303
s01,e01,frame_000371.png,"[8, 5, 4]",0.4145,"[37, 31, 29]",0.2362,"[92, 99, 95]",0.1353,"[154, 165, 158]",0.1133,"[244, 246, 246]",0.1007
s01,e01,frame_000372.png,"[7, 5, 4]",0.3706,"[75, 74, 71]",0.2402,"[44, 41, 38]",0.2322,"[118, 113, 109]",0.1189,"[180, 166, 164]",0.0381
s01,e01,frame_000373.png,"[5, 3, 1]",0.6571,"[50, 50, 47]",0.1509,"[26, 26, 22]",0.1322,"[75, 75, 74]",0.0494,"[121, 116, 123]",0.0104
s01,e01,frame_000374.png,"[0, 0, 0]",0.4027,"[41, 33, 27]",0.2196,"[99, 100, 96]",0.1864,"[74, 63, 53]",0.1511,"[140, 137, 136]",0.0402
s01,e01,frame_000375.png,"[3, 1, 2]",0.4756,"[14, 11, 10]",0.31,"[32, 29, 29]",0.1119,"[54, 51, 49]",0.0858,"[108, 108, 101]",0.0167
s01,e01,frame_000376.png,"[6, 4, 4]",0.595,"[50, 45, 45]",0.1781,"[108, 100, 106]",0.098,"[245, 243, 244]",0.0783,"[166, 159, 164]",0.0506
s01,e01,frame_000377.png,"[6, 4, 3]",0.5921,"[51, 46, 45]",0.1826,"[110, 103, 108]",0.1026,"[246, 245, 245]",0.076,"[172, 166, 169]",0.0467
s01,e01,frame_000378.png,"[5, 3, 3]",0.6295,"[23, 21, 20]",0.1798,"[42, 45, 45]",0.1598,"[88, 76, 74]",0.0285,"[166, 162, 168]",0.0024
s01,e01,frame_000379.png,"[5, 3, 3]",0.622,"[23, 22, 20]",0.1773,"[43, 45, 46]",0.1691,"[89, 78, 76]",0.0295,"[184, 180, 185]",0.0021
s01,e01,frame_000380.png,"[5, 3, 3]",0.6231,"[44, 46, 46]",0.1769,"[24, 23, 21]",0.1602,"[85, 76, 74]",0.0383,"[180, 177, 184]",0.0015
s01,e01,frame_000381.png,"[5, 3, 3]",0.6363,"[41, 42, 42]",0.1742,"[23, 21, 19]",0.1604,"[88, 75, 71]",0.0267,"[178, 175, 183]",0.0024
s01,e01,frame_000382.png,"[12, 11, 11]",0.5541,"[43, 41, 41]",0.1974,"[97, 94, 101]",0.1105,"[171, 164, 167]",0.0753,"[241, 241, 241]",0.0627
s01,e01,frame_000383.png,"[5, 4, 4]",0.708,"[47, 45, 49]",0.1449,"[99, 98, 106]",0.0652,"[240, 239, 240]",0.0429,"[159, 153, 160]",0.039
s01,e01,frame_000384.png,"[23, 22, 18]",0.3489,"[7, 5, 5]",0.3361,"[37, 36, 33]",0.2289,"[55, 49, 47]",0.0651,"[101, 82, 75]",0.021
s01,e01,frame_000385.png,"[6, 5, 5]",0.7046,"[47, 45, 47]",0.1463,"[99, 96, 102]",0.071,"[240, 239, 239]",0.0404,"[164, 158, 162]",0.0377
s01,e01,frame_000386.png,"[6, 4, 4]",0.3786,"[21, 19, 16]",0.3303,"[35, 34, 31]",0.2166,"[51, 47, 45]",0.0563,"[98, 82, 78]",0.0182
s01,e01,frame_000387.png,"[13, 12, 12]",0.6376,"[48, 46, 46]",0.1855,"[106, 101, 108]",0.0689,"[165, 160, 167]",0.0555,"[237, 236, 237]",0.0525
s01,e01,frame_000388.png,"[1, 2, 2]",0.6332,"[99, 89, 85]",0.1162,"[44, 41, 39]",0.1004,"[251, 250, 249]",0.0784,"[151, 138, 130]",0.0718
s01,e01,frame_000389.png,"[27, 25, 22]",0.362,"[75, 70, 61]",0.2789,"[48, 44, 39]",0.2081,"[138, 114, 97]",0.1034,"[190, 172, 150]",0.0476
s01,e01,frame_000390.png,"[4, 3, 2]",0.4074,"[26, 19, 16]",0.1917,"[75, 70, 62]",0.1889,"[50, 43, 38]",0.1434,"[213, 172, 148]",0.0686
s01,e01,frame_000391.png,"[13, 6, 4]",0.333,"[41, 28, 24]",0.3057,"[72, 58, 49]",0.2162,"[102, 96, 98]",0.102,"[202, 194, 194]",0.0431
s01,e01,frame_000392.png,"[14, 11, 11]",0.3071,"[38, 35, 38]",0.2884,"[77, 69, 68]",0.1991,"[175, 175, 163]",0.1034,"[135, 131, 125]",0.102
s01,e01,frame_000393.png,"[13, 10, 10]",0.3533,"[41, 37, 38]",0.2886,"[81, 71, 69]",0.1868,"[136, 130, 125]",0.0864,"[172, 178, 168]",0.0849
s01,e01,frame_000394.png,"[12, 8, 8]",0.3805,"[47, 41, 40]",0.2596,"[91, 79, 76]",0.1755,"[149, 151, 143]",0.1562,"[216, 209, 204]",0.0282
s01,e01,frame_000395.png,"[45, 35, 33]",0.3783,"[12, 7, 6]",0.3408,"[90, 79, 77]",0.1589,"[131, 118, 113]",0.0823,"[201, 193, 195]",0.0397
s01,e01,frame_000396.png,"[20, 12, 11]",0.3367,"[47, 36, 36]",0.2983,"[101, 88, 88]",0.2168,"[166, 153, 156]",0.0811,"[223, 210, 208]",0.0671
s01,e01,frame_000397.png,"[21, 13, 10]",0.3081,"[48, 39, 41]",0.3064,"[97, 78, 80]",0.246,"[159, 149, 160]",0.0821,"[217, 212, 217]",0.0574
s01,e01,frame_000398.png,"[35, 27, 25]",0.293,"[251, 248, 248]",0.2367,"[79, 70, 71]",0.1937,"[144, 132, 144]",0.1778,"[197, 182, 187]",0.0988
s01,e01,frame_000399.png,"[15, 12, 9]",0.4433,"[44, 38, 36]",0.3514,"[101, 87, 80]",0.1039,"[171, 136, 128]",0.0612,"[221, 191, 187]",0.0402
s01,e01,frame_000400.png,"[16, 13, 10]",0.4474,"[45, 39, 37]",0.3577,"[103, 87, 81]",0.0909,"[180, 141, 133]",0.0656,"[224, 194, 189]",0.0384
s01,e01,frame_000401.png,"[15, 12, 10]",0.4682,"[43, 38, 36]",0.3527,"[101, 84, 77]",0.0859,"[173, 135, 127]",0.062,"[219, 190, 188]",0.0312
s01,e01,frame_000402.png,"[17, 12, 11]",0.3598,"[253, 252, 252]",0.2725,"[48, 40, 38]",0.2527,"[87, 82, 82]",0.0765,"[165, 157, 153]",0.0385
s01,e01,frame_000403.png,"[28, 25, 23]",0.3218,"[68, 64, 61]",0.2441,"[111, 105, 105]",0.1883,"[165, 165, 172]",0.1639,"[230, 227, 225]",0.0819
s01,e01,frame_000404.png,"[253, 253, 253]",0.3711,"[38, 33, 31]",0.3438,"[76, 72, 73]",0.1265,"[120, 117, 123]",0.1118,"[186, 182, 184]",0.0468
s01,e01,frame_000405.png,"[10, 6, 4]",0.6134,"[37, 30, 27]",0.1609,"[75, 67, 64]",0.1248,"[120, 115, 118]",0.0669,"[195, 191, 193]",0.034
s01,e01,frame_000406.png,"[253, 253, 253]",0.3782,"[26, 22, 22]",0.2648,"[52, 47, 47]",0.1932,"[94, 90, 93]",0.1248,"[171, 163, 162]",0.039
s01,e01,frame_000407.png,"[18, 15, 14]",0.3598,"[51, 50, 51]",0.2815,"[253, 252, 252]",0.1698,"[99, 93, 93]",0.1081,"[160, 143, 132]",0.0808
s01,e01,frame_000408.png,"[17, 13, 11]",0.4614,"[56, 52, 48]",0.1987,"[252, 252, 252]",0.1684,"[96, 90, 91]",0.0866,"[155, 141, 134]",0.0849
s01,e01,frame_000409.png,"[38, 35, 32]",0.3592,"[10, 7, 5]",0.3325,"[253, 252, 252]",0.1341,"[76, 74, 71]",0.1188,"[148, 141, 135]",0.0554
s01,e01,frame_000410.png,"[13, 9, 6]",0.3857,"[81, 74, 66]",0.2188,"[45, 39, 35]",0.2177,"[127, 113, 106]",0.1142,"[229, 216, 207]",0.0636
s01,e01,frame_000411.png,"[18, 13, 9]",0.3948,"[252, 252, 252]",0.3084,"[53, 46, 44]",0.1979,"[118, 110, 108]",0.05,"[202, 190, 189]",0.0489
s01,e01,frame_000412.png,"[18, 14, 13]",0.3753,"[254, 254, 253]",0.2954,"[43, 37, 34]",0.2317,"[91, 83, 77]",0.0777,"[164, 163, 156]",0.0199
s01,e01,frame_000413.png,"[13, 10, 9]",0.592,"[43, 43, 43]",0.2196,"[98, 82, 80]",0.0849,"[156, 128, 123]",0.0742,"[205, 183, 171]",0.0293
s01,e01,frame_000414.png,"[16, 13, 11]",0.4471,"[42, 36, 32]",0.2302,"[254, 253, 253]",0.2269,"[88, 78, 71]",0.0759,"[167, 162, 152]",0.0199
s01,e01,frame_000415.png,"[14, 11, 9]",0.5279,"[42, 34, 31]",0.2109,"[254, 254, 253]",0.1849,"[90, 80, 72]",0.0607,"[171, 165, 154]",0.0156
s01,e01,frame_000416.png,"[22, 18, 17]",0.3245,"[51, 47, 45]",0.2736,"[92, 82, 78]",0.2262,"[172, 189, 177]",0.0983,"[153, 129, 123]",0.0774
s01,e01,frame_000417.png,"[22, 16, 15]",0.2709,"[57, 53, 51]",0.2136,"[93, 83, 79]",0.1982,"[163, 189, 176]",0.1821,"[139, 126, 120]",0.1352
s01,e01,frame_000418.png,"[19, 16, 15]",0.3022,"[94, 82, 75]",0.2852,"[50, 45, 43]",0.256,"[144, 120, 111]",0.0845,"[155, 173, 162]",0.0721
s01,e01,frame_000419.png,"[23, 19, 19]",0.2918,"[94, 83, 78]",0.2771,"[53, 47, 45]",0.2481,"[145, 122, 116]",0.0931,"[156, 172, 164]",0.0899
s01,e01,frame_000420.png,"[10, 8, 6]",0.4897,"[34, 28, 24]",0.2571,"[253, 253, 253]",0.1652,"[76, 67, 62]",0.0723,"[165, 164, 156]",0.0157
s01,e01,frame_000421.png,"[21, 17, 16]",0.2894,"[93, 82, 76]",0.2687,"[52, 46, 44]",0.2439,"[158, 172, 163]",0.1024,"[139, 115, 108]",0.0956
s01,e01,frame_000422.png,"[20, 16, 15]",0.3186,"[96, 85, 78]",0.2646,"[55, 49, 46]",0.2171,"[161, 176, 166]",0.1084,"[142, 120, 113]",0.0913
s01,e01,frame_000423.png,"[15, 12, 11]",0.3172,"[40, 37, 36]",0.2642,"[69, 64, 60]",0.2018,"[108, 92, 86]",0.1485,"[174, 153, 147]",0.0683
s01,e01,frame_000424.png,"[16, 13, 12]",0.3511,"[254, 254, 254]",0.3219,"[44, 39, 38]",0.2392,"[90, 85, 82]",0.0724,"[171, 174, 170]",0.0154
s01,e01,frame_000425.png,"[4, 3, 2]",0.5582,"[32, 29, 27]",0.1805,"[68, 62, 62]",0.1052,"[112, 106, 108]",0.0981,"[165, 156, 163]",0.058
s01,e01,frame_000426.png,"[5, 3, 3]",0.4947,"[29, 25, 23]",0.2299,"[60, 53, 53]",0.1436,"[108, 101, 102]",0.0796,"[159, 148, 154]",0.0522
s01,e01,frame_000427.png,"[5, 4, 3]",0.5079,"[32, 27, 25]",0.2272,"[65, 58, 58]",0.1316,"[112, 106, 109]",0.0869,"[172, 159, 164]",0.0464
s01,e01,frame_000428.png,"[4, 3, 3]",0.4705,"[63, 60, 62]",0.1955,"[30, 26, 26]",0.1797,"[103, 101, 112]",0.0917,"[155, 151, 170]",0.0626
s01,e01,frame_000429.png,"[8, 7, 7]",0.5342,"[30, 28, 29]",0.1841,"[53, 52, 54]",0.1482,"[75, 76, 78]",0.1192,"[121, 118, 116]",0.0143
s01,e01,frame_000430.png,"[93, 89, 77]",0.2964,"[117, 113, 99]",0.2242,"[15, 9, 7]",0.1834,"[71, 66, 54]",0.1486,"[49, 37, 32]",0.1474
s01,e01,frame_000431.png,"[7, 6, 5]",0.5629,"[25, 26, 28]",0.2384,"[50, 52, 58]",0.1272,"[98, 99, 105]",0.0594,"[205, 199, 205]",0.0121
s01,e01,frame_000432.png,"[3, 1, 1]",0.4396,"[15, 9, 6]",0.2981,"[27, 27, 23]",0.1927,"[49, 47, 41]",0.0616,"[247, 247, 245]",0.008
s01,e01,frame_000433.png,"[6, 4, 5]",0.7327,"[25, 21, 19]",0.206,"[58, 51, 44]",0.054,"[132, 122, 114]",0.0054,"[243, 238, 237]",0.0019
s01,e01,frame_000434.png,"[20, 20, 18]",0.3754,"[10, 10, 9]",0.3133,"[36, 35, 32]",0.2201,"[57, 55, 52]",0.0864,"[118, 111, 106]",0.0048
s01,e01,frame_000435.png,"[5, 5, 5]",0.4817,"[19, 18, 16]",0.2759,"[38, 36, 34]",0.1472,"[62, 59, 56]",0.0779,"[113, 103, 97]",0.0173
s01,e01,frame_000436.png,"[0, 1, 4]",0.738,"[16, 22, 31]",0.1748,"[41, 50, 60]",0.0599,"[95, 106, 116]",0.0214,"[203, 205, 209]",0.0059
s01,e01,frame_000437.png,"[2, 2, 6]",0.5415,"[8, 8, 14]",0.2896,"[15, 16, 23]",0.0896,"[28, 31, 38]",0.0443,"[45, 49, 57]",0.035
s01,e01,frame_000438.png,"[6, 6, 7]",0.4952,"[33, 37, 39]",0.3028,"[71, 75, 76]",0.1084,"[124, 126, 132]",0.0542,"[179, 181, 187]",0.0394
s01,e01,frame_000439.png,"[2, 1, 4]",0.3823,"[4, 4, 9]",0.3113,"[10, 11, 16]",0.1925,"[21, 23, 30]",0.0746,"[40, 42, 49]",0.0393
s01,e01,frame_000440.png,"[1, 1, 2]",0.528,"[16, 17, 18]",0.2412,"[32, 32, 31]",0.1854,"[48, 50, 51]",0.0324,"[90, 93, 107]",0.013
s01,e01,frame_000441.png,"[2, 2, 6]",0.6395,"[7, 8, 13]",0.2057,"[14, 16, 23]",0.0799,"[25, 28, 35]",0.046,"[46, 48, 57]",0.0289
s01,e01,frame_000442.png,"[2, 1, 5]",0.6286,"[7, 7, 12]",0.2238,"[13, 14, 20]",0.0701,"[25, 27, 34]",0.0479,"[44, 46, 54]",0.0296
s01,e01,frame_000443.png,"[3, 2, 2]",0.5493,"[17, 18, 22]",0.2829,"[41, 55, 70]",0.0916,"[70, 97, 132]",0.0441,"[138, 166, 207]",0.0321
s01,e01,frame_000444.png,"[2, 2, 5]",0.5952,"[8, 8, 13]",0.2508,"[16, 17, 23]",0.0761,"[29, 32, 40]",0.0478,"[46, 48, 57]",0.0301
s01,e01,frame_000445.png,"[5, 4, 4]",0.4854,"[21, 24, 28]",0.3189,"[46, 60, 73]",0.1088,"[73, 100, 137]",0.0582,"[155, 178, 212]",0.0287
s01,e01,frame_000446.png,"[0, 1, 5]",0.6468,"[5, 9, 16]",0.1967,"[13, 20, 27]",0.1159,"[34, 43, 49]",0.0305,"[137, 121, 117]",0.0101
s01,e01,frame_000447.png,"[5, 5, 8]",0.4811,"[17, 21, 28]",0.2355,"[27, 35, 46]",0.1669,"[39, 52, 71]",0.0829,"[62, 80, 108]",0.0336
s01,e01,frame_000448.png,"[2, 1, 4]",0.498,"[9, 9, 12]",0.2286,"[16, 17, 23]",0.1377,"[24, 31, 39]",0.0912,"[46, 52, 62]",0.0445
s01,e01,frame_000449.png,"[1, 0, 0]",0.3682,"[1, 0, 2]",0.3352,"[0, 0, 0]",0.1363,"[1, 0, 1]",0.0877,"[0, 0, 2]",0.0726
s01,e01,frame_000450.png,"[1, 1, 2]",0.5223,"[7, 8, 11]",0.1533,"[13, 18, 25]",0.13,"[22, 32, 43]",0.1057,"[27, 40, 55]",0.0887
s01,e01,frame_000451.png,"[2, 2, 5]",0.5625,"[11, 11, 15]",0.2488,"[21, 25, 33]",0.1336,"[36, 40, 47]",0.0401,"[50, 63, 76]",0.015
s01,e01,frame_000452.png,"[0, 0, 0]",0.8001,"[11, 11, 10]",0.0979,"[27, 25, 24]",0.0515,"[45, 42, 42]",0.0312,"[74, 68, 69]",0.0193
s01,e01,frame_000453.png,"[10, 13, 22]",0.3813,"[6, 7, 14]",0.2694,"[16, 24, 33]",0.1508,"[25, 35, 46]",0.1238,"[15, 1, 2]",0.0747
s01,e01,frame_000454.png,"[0, 0, 0]",0.8844,"[14, 15, 18]",0.039,"[56, 65, 77]",0.034,"[36, 41, 48]",0.0301,"[87, 103, 125]",0.0125
s01,e01,frame_000455.png,"[20, 26, 33]",0.6297,"[40, 42, 48]",0.1812,"[5, 6, 7]",0.1207,"[74, 74, 80]",0.0436,"[135, 136, 139]",0.0248
s01,e01,frame_000456.png,"[0, 0, 3]",0.4186,"[2, 4, 8]",0.3092,"[7, 11, 16]",0.1798,"[14, 22, 31]",0.0795,"[43, 45, 51]",0.0129
s01,e01,frame_000457.png,"[0, 0, 0]",0.8824,"[12, 13, 17]",0.0881,"[43, 48, 50]",0.0261,"[120, 108, 94]",0.0024,"[208, 193, 180]",0.001
s01,e01,frame_000458.png,"[2, 3, 5]",0.3525,"[12, 13, 17]",0.3416,"[22, 24, 29]",0.2546,"[53, 53, 46]",0.0343,"[94, 96, 90]",0.017
s01,e01,frame_000459.png,"[0, 1, 1]",0.5631,"[5, 10, 11]",0.2229,"[25, 38, 48]",0.0916,"[13, 19, 22]",0.0907,"[42, 55, 72]",0.0317
s01,e01,frame_000460.png,"[0, 0, 3]",0.4229,"[6, 7, 12]",0.2862,"[13, 16, 21]",0.1823,"[22, 27, 32]",0.0946,"[36, 46, 52]",0.014
s01,e01,frame_000461.png,"[0, 0, 0]",0.3327,"[1, 1, 4]",0.295,"[3, 5, 9]",0.1596,"[8, 12, 15]",0.1204,"[16, 27, 26]",0.0923
s01,e01,frame_000462.png,"[1, 0, 3]",0.7188,"[11, 10, 14]",0.1428,"[24, 23, 27]",0.0748,"[44, 43, 45]",0.0409,"[67, 67, 74]",0.0227
s01,e01,frame_000463.png,"[2, 1, 4]",0.5946,"[12, 11, 14]",0.144,"[77, 101, 125]",0.1191,"[30, 36, 43]",0.0963,"[50, 63, 77]",0.046
s01,e01,frame_000464.png,"[2, 1, 4]",0.6485,"[12, 11, 14]",0.1807,"[25, 23, 27]",0.0798,"[41, 39, 43]",0.0586,"[64, 62, 69]",0.0324
s01,e01,frame_000465.png,"[2, 1, 4]",0.8784,"[23, 24, 28]",0.047,"[12, 11, 13]",0.0458,"[41, 48, 57]",0.0183,"[62, 78, 97]",0.0105
s01,e01,frame_000466.png,"[2, 1, 4]",0.6431,"[12, 11, 15]",0.1439,"[37, 42, 48]",0.0879,"[24, 25, 30]",0.0731,"[49, 57, 64]",0.052
s01,e01,frame_000467.png,"[2, 1, 4]",0.8901,"[13, 13, 15]",0.0485,"[30, 33, 40]",0.0299,"[50, 58, 69]",0.0219,"[67, 85, 105]",0.0096
s01,e01,frame_000468.png,"[5, 4, 7]",0.7776,"[19, 19, 21]",0.1683,"[37, 42, 49]",0.035,"[63, 74, 88]",0.0129,"[107, 123, 143]",0.0062
s01,e01,frame_000469.png,"[1, 0, 3]",0.5128,"[6, 7, 10]",0.2484,"[12, 13, 16]",0.1381,"[21, 21, 24]",0.0649,"[31, 32, 35]",0.0358
s01,e01,frame_000470.png,"[2, 1, 5]",0.5663,"[10, 10, 14]",0.2753,"[19, 20, 24]",0.1067,"[36, 36, 42]",0.0393,"[68, 69, 76]",0.0124
s01,e01,frame_000471.png,"[1, 0, 2]",0.7381,"[17, 19, 22]",0.1229,"[7, 8, 11]",0.0854,"[32, 40, 48]",0.032,"[43, 53, 63]",0.0216
s01,e01,frame_000472.png,"[11, 14, 19]",0.5014,"[30, 39, 47]",0.2586,"[49, 63, 79]",0.1539,"[83, 100, 116]",0.0506,"[149, 153, 154]",0.0355
s01,e01,frame_000473.png,"[1, 0, 3]",0.4015,"[3, 2, 6]",0.3768,"[11, 12, 16]",0.1488,"[25, 26, 37]",0.0676,"[64, 65, 73]",0.0053
s01,e01,frame_000474.png,"[2, 2, 3]",0.4521,"[9, 10, 12]",0.2006,"[18, 23, 28]",0.161,"[31, 39, 44]",0.1058,"[51, 59, 66]",0.0805
s01,e01,frame_000475.png,"[6, 5, 4]",0.4668,"[19, 20, 21]",0.3269,"[29, 36, 38]",0.1865,"[86, 87, 85]",0.0154,"[221, 221, 221]",0.0044
s01,e01,frame_000476.png,"[3, 2, 2]",0.3723,"[12, 11, 11]",0.2533,"[18, 21, 24]",0.2417,"[28, 30, 28]",0.0822,"[38, 40, 37]",0.0505
s01,e01,frame_000477.png,"[15, 17, 18]",0.322,"[19, 24, 25]",0.2232,"[10, 11, 11]",0.1825,"[26, 33, 34]",0.1492,"[2, 2, 1]",0.1231
s01,e01,frame_000478.png,"[0, 0, 0]",0.7032,"[9, 8, 7]",0.1657,"[21, 19, 16]",0.0815,"[45, 37, 34]",0.036,"[80, 73, 73]",0.0136
s01,e01,frame_000479.png,"[18, 14, 13]",0.3773,"[46, 40, 37]",0.2732,"[148, 135, 135]",0.1511,"[99, 92, 90]",0.1384,"[196, 189, 194]",0.06
s01,e01,frame_000480.png,"[1, 1, 0]",0.3677,"[21, 21, 19]",0.2299,"[14, 13, 10]",0.2148,"[33, 32, 31]",0.1342,"[46, 47, 45]",0.0534
s01,e01,frame_000481.png,"[9, 8, 8]",0.5459,"[18, 18, 17]",0.2419,"[36, 40, 40]",0.1432,"[50, 57, 59]",0.0604,"[87, 101, 117]",0.0086
s01,e01,frame_000482.png,"[5, 5, 4]",0.6439,"[16, 16, 15]",0.2439,"[33, 34, 31]",0.0561,"[49, 49, 45]",0.0418,"[74, 75, 77]",0.0143
s01,e01,frame_000483.png,"[0, 0, 0]",0.608,"[9, 10, 9]",0.1847,"[3, 4, 4]",0.1514,"[18, 18, 16]",0.0424,"[35, 35, 35]",0.0135
s01,e01,frame_000484.png,"[2, 2, 2]",0.897,"[23, 18, 15]",0.0397,"[41, 35, 32]",0.0382,"[58, 52, 52]",0.0185,"[77, 76, 82]",0.0066
s01,e01,frame_000485.png,"[5, 5, 5]",0.4152,"[14, 14, 14]",0.3466,"[30, 31, 30]",0.1737,"[47, 54, 55]",0.0367,"[96, 106, 105]",0.0278
s01,e01,frame_000486.png,"[2, 1, 2]",0.3335,"[4, 4, 5]",0.2531,"[12, 12, 10]",0.1536,"[9, 8, 8]",0.1418,"[15, 16, 14]",0.118
s01,e01,frame_000487.png,"[9, 9, 8]",0.5371,"[3, 2, 1]",0.2115,"[17, 18, 19]",0.1799,"[37, 36, 33]",0.044,"[58, 61, 59]",0.0275
s01,e01,frame_000488.png,"[9, 10, 10]",0.4478,"[2, 3, 3]",0.2818,"[19, 19, 21]",0.1675,"[41, 34, 35]",0.0641,"[65, 60, 60]",0.0388
s01,e01,frame_000489.png,"[5, 5, 6]",0.5485,"[17, 16, 17]",0.2683,"[37, 36, 39]",0.1082,"[66, 66, 71]",0.0533,"[105, 108, 129]",0.0217
s01,e01,frame_000490.png,"[4, 4, 6]",0.6636,"[17, 16, 17]",0.2241,"[39, 40, 45]",0.0734,"[72, 71, 79]",0.0284,"[94, 98, 121]",0.0105
s01,e01,frame_000491.png,"[1, 1, 2]",0.5794,"[13, 15, 20]",0.1989,"[33, 38, 44]",0.0984,"[55, 61, 72]",0.0787,"[97, 104, 124]",0.0446
s01,e01,frame_000492.png,"[12, 12, 12]",0.4243,"[3, 2, 1]",0.252,"[25, 25, 26]",0.2373,"[56, 50, 49]",0.0656,"[123, 99, 91]",0.0208
s01,e01,frame_000493.png,"[5, 4, 2]",0.5082,"[14, 12, 10]",0.2538,"[22, 21, 23]",0.1386,"[39, 37, 37]",0.0653,"[55, 52, 54]",0.0341
s01,e01,frame_000494.png,"[93, 110, 109]",0.2475,"[65, 78, 73]",0.2296,"[222, 250, 250]",0.2175,"[124, 149, 152]",0.1808,"[157, 198, 206]",0.1246
s01,e01,frame_000495.png,"[7, 5, 5]",0.4585,"[18, 16, 16]",0.2628,"[31, 29, 28]",0.148,"[49, 47, 44]",0.0763,"[72, 69, 62]",0.0544
s01,e01,frame_000496.png,"[7, 5, 5]",0.4787,"[17, 16, 16]",0.2519,"[28, 27, 26]",0.1428,"[43, 42, 41]",0.0746,"[65, 66, 61]",0.052
s01,e01,frame_000497.png,"[6, 5, 5]",0.4475,"[20, 18, 17]",0.2514,"[38, 36, 34]",0.1966,"[61, 58, 55]",0.0863,"[122, 115, 111]",0.0182
s01,e01,frame_000498.png,"[0, 0, 1]",0.5302,"[9, 13, 17]",0.2723,"[21, 26, 33]",0.1414,"[37, 43, 51]",0.0481,"[107, 114, 123]",0.008
s01,e01,frame_000499.png,"[1, 0, 2]",0.4015,"[8, 9, 11]",0.2868,"[16, 18, 20]",0.1526,"[28, 31, 36]",0.1222,"[51, 54, 60]",0.0369
s01,e01,frame_000500.png,"[1, 1, 2]",0.4699,"[10, 11, 13]",0.2971,"[25, 26, 30]",0.1597,"[35, 39, 47]",0.0585,"[60, 63, 69]",0.0148
s01,e01,frame_000501.png,"[1, 0, 2]",0.4236,"[8, 9, 11]",0.2659,"[18, 19, 22]",0.1377,"[29, 31, 35]",0.1358,"[45, 49, 56]",0.037
s01,e01,frame_000502.png,"[8, 10, 10]",0.3942,"[3, 3, 3]",0.3307,"[22, 24, 26]",0.1242,"[37, 40, 43]",0.1083,"[53, 56, 64]",0.0426
s01,e01,frame_000503.png,"[15, 16, 17]",0.4406,"[4, 5, 6]",0.3373,"[33, 35, 37]",0.1429,"[54, 60, 61]",0.0692,"[96, 117, 131]",0.01
s01,e01,frame_000504.png,"[5, 6, 6]",0.4385,"[21, 22, 23]",0.3159,"[45, 44, 43]",0.1625,"[82, 75, 76]",0.0519,"[133, 127, 124]",0.0312
s01,e01,frame_000505.png,"[5, 5, 5]",0.4616,"[22, 22, 23]",0.2849,"[46, 45, 43]",0.1704,"[82, 75, 74]",0.0559,"[133, 127, 124]",0.0272
s01,e01,frame_000506.png,"[0, 1, 2]",0.5497,"[8, 15, 21]",0.3663,"[27, 34, 40]",0.0594,"[59, 65, 68]",0.0233,"[179, 185, 189]",0.0013
s01,e01,frame_000507.png,"[3, 2, 2]",0.4911,"[47, 45, 41]",0.2133,"[26, 20, 18]",0.2055,"[75, 69, 66]",0.0744,"[136, 102, 101]",0.0157
s01,e01,frame_000508.png,"[0, 0, 0]",0.5997,"[1, 6, 8]",0.1698,"[3, 13, 16]",0.1339,"[31, 21, 15]",0.0491,"[52, 40, 33]",0.0475
s01,e01,frame_000509.png,"[0, 0, 0]",0.6832,"[13, 15, 13]",0.2253,"[40, 40, 33]",0.071,"[89, 92, 96]",0.0139,"[160, 156, 160]",0.0066
s01,e01,frame_000510.png,"[2, 2, 2]",0.4686,"[8, 13, 19]",0.3907,"[28, 42, 56]",0.0843,"[31, 29, 30]",0.039,"[54, 66, 78]",0.0174
s01,e01,frame_000511.png,"[0, 0, 0]",0.4287,"[3, 7, 10]",0.367,"[17, 26, 33]",0.0998,"[30, 21, 18]",0.0639,"[55, 42, 39]",0.0406
s01,e01,frame_000512.png,"[0, 0, 0]",0.4348,"[1, 4, 7]",0.3072,"[4, 9, 12]",0.0935,"[15, 10, 7]",0.0868,"[22, 22, 23]",0.0777
s01,e01,frame_000513.png,"[0, 0, 0]",0.4224,"[1, 4, 7]",0.3061,"[8, 11, 13]",0.1818,"[32, 24, 20]",0.051,"[54, 43, 37]",0.0387
s01,e01,frame_000514.png,"[0, 1, 2]",0.541,"[9, 16, 22]",0.3711,"[30, 39, 45]",0.0638,"[74, 80, 86]",0.0224,"[207, 206, 206]",0.0017
s01,e01,frame_000515.png,"[12, 13, 13]",0.4169,"[2, 3, 3]",0.4068,"[28, 26, 24]",0.1241,"[76, 58, 48]",0.0364,"[138, 107, 98]",0.0158
s01,e01,frame_000516.png,"[1, 1, 1]",0.621,"[17, 19, 17]",0.2067,"[33, 34, 32]",0.1022,"[51, 56, 55]",0.066,"[134, 126, 129]",0.0041
s01,e01,frame_000517.png,"[0, 0, 0]",0.5543,"[9, 10, 9]",0.1812,"[21, 21, 20]",0.141,"[40, 39, 38]",0.0819,"[66, 61, 61]",0.0416
s01,e01,frame_000518.png,"[0, 0, 0]",0.6626,"[18, 18, 22]",0.1346,"[11, 10, 10]",0.1128,"[30, 27, 32]",0.0801,"[63, 55, 56]",0.0099
s01,e01,frame_000519.png,"[0, 0, 0]",0.5439,"[9, 10, 9]",0.1693,"[21, 21, 20]",0.1423,"[38, 38, 36]",0.0896,"[62, 56, 54]",0.0549
s01,e01,frame_000520.png,"[8, 10, 11]",0.5486,"[27, 24, 20]",0.2409,"[59, 45, 37]",0.1258,"[114, 87, 76]",0.0726,"[215, 185, 176]",0.0121
s01,e01,frame_000521.png,"[8, 10, 10]",0.6025,"[29, 25, 21]",0.2168,"[63, 49, 39]",0.1115,"[116, 89, 78]",0.0579,"[215, 186, 177]",0.0113
s01,e01,frame_000522.png,"[0, 0, 0]",0.505,"[20, 20, 23]",0.2326,"[13, 12, 13]",0.1581,"[33, 29, 32]",0.0882,"[65, 52, 51]",0.0161
s01,e01,frame_000523.png,"[9, 10, 11]",0.6067,"[31, 27, 22]",0.2103,"[65, 50, 41]",0.1159,"[120, 91, 80]",0.0551,"[218, 191, 181]",0.012
s01,e01,frame_000524.png,"[9, 11, 12]",0.6253,"[31, 27, 23]",0.1984,"[66, 51, 42]",0.1175,"[121, 92, 81]",0.0492,"[222, 195, 186]",0.0096
s01,e01,frame_000525.png,"[3, 6, 4]",0.449,"[15, 20, 16]",0.2968,"[34, 38, 32]",0.1728,"[66, 65, 56]",0.066,"[126, 115, 94]",0.0154
s01,e01,frame_000526.png,"[2, 5, 4]",0.4974,"[15, 21, 18]",0.2779,"[32, 39, 35]",0.1608,"[64, 65, 57]",0.0509,"[121, 102, 65]",0.013
s01,e01,frame_000527.png,"[11, 13, 13]",0.4154,"[2, 2, 2]",0.3923,"[24, 28, 26]",0.105,"[41, 45, 43]",0.0757,"[68, 72, 72]",0.0116
s01,e01,frame_000528.png,"[0, 0, 0]",0.5895,"[11, 9, 10]",0.1909,"[20, 18, 19]",0.1198,"[34, 32, 34]",0.0589,"[5, 4, 3]",0.0409
s01,e01,frame_000529.png,"[3, 3, 1]",0.5272,"[25, 26, 15]",0.2422,"[48, 47, 32]",0.1494,"[81, 75, 54]",0.0516,"[131, 118, 99]",0.0296
s01,e01,frame_000530.png,"[0, 0, 0]",0.7274,"[6, 6, 3]",0.1508,"[12, 14, 9]",0.0931,"[26, 25, 20]",0.0251,"[74, 68, 56]",0.0036
s01,e01,frame_000531.png,"[1, 1, 0]",0.3512,"[13, 13, 9]",0.2705,"[25, 25, 23]",0.2186,"[41, 42, 41]",0.1257,"[71, 67, 64]",0.034
s01,e01,frame_000532.png,"[1, 0, 0]",0.5918,"[46, 44, 41]",0.139,"[14, 12, 8]",0.1177,"[30, 27, 24]",0.1011,"[66, 59, 59]",0.0504
s01,e01,frame_000533.png,"[1, 0, 0]",0.6467,"[15, 13, 8]",0.1252,"[46, 43, 41]",0.0928,"[29, 26, 24]",0.0852,"[65, 58, 58]",0.0501
s01,e01,frame_000534.png,"[3, 2, 2]",0.3228,"[12, 10, 8]",0.2247,"[31, 29, 26]",0.1872,"[22, 20, 17]",0.1628,"[49, 46, 41]",0.1025
s01,e01,frame_000535.png,"[7, 6, 5]",0.3473,"[42, 43, 39]",0.2379,"[27, 26, 23]",0.2244,"[101, 105, 105]",0.1024,"[73, 70, 56]",0.088
s01,e01,frame_000536.png,"[60, 23, 9]",0.2831,"[120, 52, 21]",0.1997,"[163, 85, 40]",0.1914,"[210, 135, 79]",0.1638,"[214, 165, 124]",0.162
s01,e01,frame_000537.png,"[37, 15, 13]",0.3663,"[129, 66, 32]",0.2631,"[73, 34, 19]",0.1796,"[197, 123, 71]",0.1155,"[207, 180, 157]",0.0755
s01,e01,frame_000538.png,"[226, 171, 109]",0.3427,"[230, 185, 135]",0.2621,"[219, 150, 82]",0.2358,"[206, 123, 52]",0.1398,"[90, 38, 5]",0.0196
s01,e01,frame_000539.png,"[0, 0, 0]",0.9998,"[1, 0, 0]",0.0002,,,,,,
s01,e01,frame_000540.png,"[12, 4, 3]",0.6134,"[37, 24, 23]",0.2836,"[74, 62, 61]",0.0791,"[163, 32, 28]",0.0148,"[212, 174, 159]",0.0091
s01,e01,frame_000541.png,"[5, 1, 0]",0.5372,"[20, 12, 11]",0.3456,"[47, 38, 36]",0.0665,"[99, 89, 90]",0.045,"[209, 208, 201]",0.0057
s01,e01,frame_000542.png,"[2, 0, 0]",0.5451,"[19, 15, 15]",0.2165,"[39, 37, 36]",0.124,"[71, 82, 83]",0.0723,"[38, 0, 0]",0.0421
s01,e01,frame_000543.png,"[4, 0, 0]",0.503,"[19, 13, 12]",0.3273,"[40, 38, 38]",0.1288,"[83, 82, 86]",0.0385,"[194, 192, 146]",0.0024
s01,e01,frame_000544.png,"[3, 2, 2]",0.7141,"[25, 24, 25]",0.1555,"[57, 60, 70]",0.0561,"[83, 94, 114]",0.0382,"[114, 139, 163]",0.0361
s01,e01,frame_000545.png,"[2, 0, 1]",0.5266,"[9, 6, 5]",0.2695,"[22, 30, 37]",0.1498,"[17, 17, 19]",0.0368,"[58, 61, 59]",0.0173
s01,e01,frame_000546.png,"[3, 1, 1]",0.6562,"[10, 8, 7]",0.1699,"[18, 26, 33]",0.126,"[32, 39, 45]",0.036,"[63, 66, 66]",0.0119
s01,e01,frame_000547.png,"[4, 3, 3]",0.4563,"[8, 10, 11]",0.3383,"[15, 23, 26]",0.1572,"[28, 39, 42]",0.0394,"[73, 75, 75]",0.0088
s01,e01,frame_000548.png,"[0, 0, 0]",0.985,"[240, 240, 240]",0.0057,"[50, 50, 50]",0.004,"[123, 123, 123]",0.003,"[180, 180, 180]",0.0023
s01,e01,frame_000549.png,"[0, 0, 0]",1.0,,,,,,,,
s01,e01,frame_000550.png,"[0, 0, 0]",0.9853,"[242, 242, 242]",0.005,"[197, 197, 197]",0.0048,"[62, 62, 62]",0.0029,"[140, 140, 140]",0.002
s01,e01,frame_000551.png,"[0, 0, 0]",0.9887,"[236, 236, 236]",0.0034,"[122, 122, 122]",0.0028,"[35, 35, 35]",0.0026,"[186, 186, 186]",0.0025
s01,e01,frame_000552.png,"[0, 0, 0]",0.9714,"[239, 239, 239]",0.0103,"[118, 118, 118]",0.0074,"[187, 187, 187]",0.0062,"[55, 55, 55]",0.0047
s01,e01,frame_000553.png,"[0, 0, 0]",0.9705,"[232, 232, 232]",0.0102,"[45, 45, 45]",0.0077,"[173, 173, 173]",0.0061,"[113, 113, 113]",0.0055
s01,e01,frame_000554.png,"[0, 0, 0]",0.9625,"[233, 233, 233]",0.012,"[43, 43, 43]",0.0109,"[169, 169, 169]",0.0081,"[110, 110, 110]",0.0065
s01,e01,frame_000555.png,"[0, 0, 0]",0.8998,"[41, 41, 41]",0.0325,"[96, 96, 96]",0.0255,"[157, 157, 157]",0.0251,"[213, 213, 213]",0.0171
s01,e01,frame_000556.png,"[157, 17, 33]",0.2794,"[98, 10, 15]",0.247,"[24, 1, 2]",0.1996,"[219, 161, 67]",0.1549,"[198, 17, 83]",0.1191
s01,e01,frame_000557.png,"[0, 0, 0]",1.0,,,,,,,,
